frame,time,count
0,2026-04-01 05:15:00,0
1,2026-04-01 05:15:19,0
2,2026-04-01 05:15:39,0
3,2026-04-01 05:15:59,0
4,2026-04-01 05:16:19,0
5,2026-04-01 05:16:38,0
6,2026-04-01 05:16:58,0
7,2026-04-01 05:17:18,0
8,2026-04-01 05:17:38,0
9,2026-04-01 05:17:57,0
10,2026-04-01 05:18:17,0
11,2026-04-01 05:18:37,0
12,2026-04-01 05:18:57,0
13,2026-04-01 05:19:16,0
14,2026-04-01 05:19:36,0
15,2026-04-01 05:19:56,0
16,2026-04-01 05:20:16,0
17,2026-04-01 05:20:35,0
18,2026-04-01 05:20:55,0
19,2026-04-01 05:21:15,0
20,2026-04-01 05:21:35,0
21,2026-04-01 05:21:54,0
22,2026-04-01 05:22:14,0
23,2026-04-01 05:22:34,0
24,2026-04-01 05:22:54,0
25,2026-04-01 05:23:13,0
26,2026-04-01 05:23:33,0
27,2026-04-01 05:23:53,0
28,2026-04-01 05:24:13,0
29,2026-04-01 05:24:32,0
30,2026-04-01 05:24:52,0
31,2026-04-01 05:25:12,0
32,2026-04-01 05:25:32,0
33,2026-04-01 05:25:51,0
34,2026-04-01 05:26:11,0
35,2026-04-01 05:26:31,0
36,2026-04-01 05:26:51,0
37,2026-04-01 05:27:10,0
38,2026-04-01 05:27:30,0
39,2026-04-01 05:27:50,0
40,2026-04-01 05:28:10,0
41,2026-04-01 05:28:29,0
42,2026-04-01 05:28:49,0
43,2026-04-01 05:29:09,0
44,2026-04-01 05:29:29,0
45,2026-04-01 05:29:48,0
46,2026-04-01 05:30:08,0
47,2026-04-01 05:30:28,0
48,2026-04-01 05:30:48,0
49,2026-04-01 05:31:07,0
50,2026-04-01 05:31:27,0
51,2026-04-01 05:31:47,0
52,2026-04-01 05:32:07,0
53,2026-04-01 05:32:26,0
54,2026-04-01 05:32:46,0
55,2026-04-01 05:33:06,0
56,2026-04-01 05:33:26,0
57,2026-04-01 05:33:45,0
58,2026-04-01 05:34:05,0
59,2026-04-01 05:34:25,0
60,2026-04-01 05:34:45,0
61,2026-04-01 05:35:04,0
62,2026-04-01 05:35:24,0
63,2026-04-01 05:35:44,0
64,2026-04-01 05:36:04,0
65,2026-04-01 05:36:23,0
66,2026-04-01 05:36:43,0
67,2026-04-01 05:37:03,0
68,2026-04-01 05:37:23,0
69,2026-04-01 05:37:42,0
70,2026-04-01 05:38:02,0
71,2026-04-01 05:38:22,0
72,2026-04-01 05:38:42,0
73,2026-04-01 05:39:01,0
74,2026-04-01 05:39:21,0
75,2026-04-01 05:39:41,0
76,2026-04-01 05:40:01,0
77,2026-04-01 05:40:20,0
78,2026-04-01 05:40:40,0
79,2026-04-01 05:41:00,0
80,2026-04-01 05:41:20,0
81,2026-04-01 05:41:39,0
82,2026-04-01 05:41:59,0
83,2026-04-01 05:42:19,0
84,2026-04-01 05:42:39,0
85,2026-04-01 05:42:58,0
86,2026-04-01 05:43:18,0
87,2026-04-01 05:43:38,0
88,2026-04-01 05:43:58,0
89,2026-04-01 05:44:17,0
90,2026-04-01 05:44:37,0
91,2026-04-01 05:44:57,0
92,2026-04-01 05:45:17,0
93,2026-04-01 05:45:36,0
94,2026-04-01 05:45:56,0
95,2026-04-01 05:46:16,0
96,2026-04-01 05:46:36,0
97,2026-04-01 05:46:55,0
98,2026-04-01 05:47:15,0
99,2026-04-01 05:47:35,0
100,2026-04-01 05:47:55,0
101,2026-04-01 05:48:14,0
102,2026-04-01 05:48:34,0
103,2026-04-01 05:48:54,0
104,2026-04-01 05:49:14,0
105,2026-04-01 05:49:33,0
106,2026-04-01 05:49:53,0
107,2026-04-01 05:50:13,0
108,2026-04-01 05:50:33,0
109,2026-04-01 05:50:52,0
110,2026-04-01 05:51:12,0
111,2026-04-01 05:51:32,0
112,2026-04-01 05:51:52,0
113,2026-04-01 05:52:11,0
114,2026-04-01 05:52:31,0
115,2026-04-01 05:52:51,0
116,2026-04-01 05:53:11,0
117,2026-04-01 05:53:30,0
118,2026-04-01 05:53:50,0
119,2026-04-01 05:54:10,0
120,2026-04-01 05:54:30,0
121,2026-04-01 05:54:49,0
122,2026-04-01 05:55:09,0
123,2026-04-01 05:55:29,0
124,2026-04-01 05:55:49,0
125,2026-04-01 05:56:08,0
126,2026-04-01 05:56:28,0
127,2026-04-01 05:56:48,0
128,2026-04-01 05:57:08,0
129,2026-04-01 05:57:27,0
130,2026-04-01 05:57:47,0
131,2026-04-01 05:58:07,0
132,2026-04-01 05:58:27,0
133,2026-04-01 05:58:46,0
134,2026-04-01 05:59:06,0
135,2026-04-01 05:59:26,0
136,2026-04-01 05:59:46,0
137,2026-04-01 06:00:05,0
138,2026-04-01 06:00:25,0
139,2026-04-01 06:00:45,0
140,2026-04-01 06:01:05,0
141,2026-04-01 06:01:24,0
142,2026-04-01 06:01:44,0
143,2026-04-01 06:02:04,0
144,2026-04-01 06:02:24,0
145,2026-04-01 06:02:43,0
146,2026-04-01 06:03:03,0
147,2026-04-01 06:03:23,0
148,2026-04-01 06:03:43,0
149,2026-04-01 06:04:02,0
150,2026-04-01 06:04:22,0
151,2026-04-01 06:04:42,0
152,2026-04-01 06:05:02,0
153,2026-04-01 06:05:21,0
154,2026-04-01 06:05:41,0
155,2026-04-01 06:06:01,0
156,2026-04-01 06:06:21,0
157,2026-04-01 06:06:40,0
158,2026-04-01 06:07:00,0
159,2026-04-01 06:07:20,0
160,2026-04-01 06:07:40,0
161,2026-04-01 06:07:59,0
162,2026-04-01 06:08:19,0
163,2026-04-01 06:08:39,0
164,2026-04-01 06:08:59,0
165,2026-04-01 06:09:18,0
166,2026-04-01 06:09:38,0
167,2026-04-01 06:09:58,0
168,2026-04-01 06:10:18,0
169,2026-04-01 06:10:37,0
170,2026-04-01 06:10:57,0
171,2026-04-01 06:11:17,0
172,2026-04-01 06:11:37,0
173,2026-04-01 06:11:56,0
174,2026-04-01 06:12:16,0
175,2026-04-01 06:12:36,0
176,2026-04-01 06:12:56,0
177,2026-04-01 06:13:15,0
178,2026-04-01 06:13:35,0
179,2026-04-01 06:13:55,0
180,2026-04-01 06:14:15,0
181,2026-04-01 06:14:34,0
182,2026-04-01 06:14:54,0
183,2026-04-01 06:15:14,0
184,2026-04-01 06:15:34,0
185,2026-04-01 06:15:53,0
186,2026-04-01 06:16:13,0
187,2026-04-01 06:16:33,0
188,2026-04-01 06:16:53,0
189,2026-04-01 06:17:12,0
190,2026-04-01 06:17:32,0
191,2026-04-01 06:17:52,0
192,2026-04-01 06:18:12,0
193,2026-04-01 06:18:31,0
194,2026-04-01 06:18:51,0
195,2026-04-01 06:19:11,0
196,2026-04-01 06:19:31,0
197,2026-04-01 06:19:50,0
198,2026-04-01 06:20:10,0
199,2026-04-01 06:20:30,0
200,2026-04-01 06:20:50,0
201,2026-04-01 06:21:09,0
202,2026-04-01 06:21:29,0
203,2026-04-01 06:21:49,0
204,2026-04-01 06:22:09,0
205,2026-04-01 06:22:28,0
206,2026-04-01 06:22:48,0
207,2026-04-01 06:23:08,0
208,2026-04-01 06:23:28,0
209,2026-04-01 06:23:47,0
210,2026-04-01 06:24:07,0
211,2026-04-01 06:24:27,0
212,2026-04-01 06:24:47,0
213,2026-04-01 06:25:06,0
214,2026-04-01 06:25:26,0
215,2026-04-01 06:25:46,0
216,2026-04-01 06:26:06,0
217,2026-04-01 06:26:25,0
218,2026-04-01 06:26:45,0
219,2026-04-01 06:27:05,0
220,2026-04-01 06:27:25,0
221,2026-04-01 06:27:44,0
222,2026-04-01 06:28:04,0
223,2026-04-01 06:28:24,0
224,2026-04-01 06:28:44,0
225,2026-04-01 06:29:03,0
226,2026-04-01 06:29:23,0
227,2026-04-01 06:29:43,0
228,2026-04-01 06:30:03,0
229,2026-04-01 06:30:22,0
230,2026-04-01 06:30:42,0
231,2026-04-01 06:31:02,0
232,2026-04-01 06:31:22,0
233,2026-04-01 06:31:41,0
234,2026-04-01 06:32:01,0
235,2026-04-01 06:32:21,0
236,2026-04-01 06:32:41,0
237,2026-04-01 06:33:00,0
238,2026-04-01 06:33:20,0
239,2026-04-01 06:33:40,0
240,2026-04-01 06:34:00,0
241,2026-04-01 06:34:19,0
242,2026-04-01 06:34:39,0
243,2026-04-01 06:34:59,0
244,2026-04-01 06:35:19,0
245,2026-04-01 06:35:38,0
246,2026-04-01 06:35:58,0
247,2026-04-01 06:36:18,0
248,2026-04-01 06:36:38,0
249,2026-04-01 06:36:57,0
250,2026-04-01 06:37:17,0
251,2026-04-01 06:37:37,0
252,2026-04-01 06:37:57,0
253,2026-04-01 06:38:16,0
254,2026-04-01 06:38:36,0
255,2026-04-01 06:38:56,0
256,2026-04-01 06:39:16,0
257,2026-04-01 06:39:35,0
258,2026-04-01 06:39:55,0
259,2026-04-01 06:40:15,0
260,2026-04-01 06:40:35,0
261,2026-04-01 06:40:54,0
262,2026-04-01 06:41:14,0
263,2026-04-01 06:41:34,0
264,2026-04-01 06:41:54,0
265,2026-04-01 06:42:13,0
266,2026-04-01 06:42:33,0
267,2026-04-01 06:42:53,0
268,2026-04-01 06:43:13,0
269,2026-04-01 06:43:32,0
270,2026-04-01 06:43:52,0
271,2026-04-01 06:44:12,0
272,2026-04-01 06:44:32,0
273,2026-04-01 06:44:51,0
274,2026-04-01 06:45:11,0
275,2026-04-01 06:45:31,0
276,2026-04-01 06:45:51,0
277,2026-04-01 06:46:10,0
278,2026-04-01 06:46:30,0
279,2026-04-01 06:46:50,0
280,2026-04-01 06:47:10,0
281,2026-04-01 06:47:29,0
282,2026-04-01 06:47:49,0
283,2026-04-01 06:48:09,0
284,2026-04-01 06:48:29,0
285,2026-04-01 06:48:48,0
286,2026-04-01 06:49:08,0
287,2026-04-01 06:49:28,0
288,2026-04-01 06:49:48,0
289,2026-04-01 06:50:07,0
290,2026-04-01 06:50:27,0
291,2026-04-01 06:50:47,0
292,2026-04-01 06:51:07,0
293,2026-04-01 06:51:26,0
294,2026-04-01 06:51:46,0
295,2026-04-01 06:52:06,0
296,2026-04-01 06:52:26,0
297,2026-04-01 06:52:45,0
298,2026-04-01 06:53:05,0
299,2026-04-01 06:53:25,0
300,2026-04-01 06:53:45,0
301,2026-04-01 06:54:04,0
302,2026-04-01 06:54:24,0
303,2026-04-01 06:54:44,0
304,2026-04-01 06:55:04,0
305,2026-04-01 06:55:23,0
306,2026-04-01 06:55:43,0
307,2026-04-01 06:56:03,0
308,2026-04-01 06:56:23,0
309,2026-04-01 06:56:42,0
310,2026-04-01 06:57:02,0
311,2026-04-01 06:57:22,0
312,2026-04-01 06:57:42,0
313,2026-04-01 06:58:01,0
314,2026-04-01 06:58:21,0
315,2026-04-01 06:58:41,0
316,2026-04-01 06:59:01,0
317,2026-04-01 06:59:20,0
318,2026-04-01 06:59:40,0
319,2026-04-01 07:00:00,0
320,2026-04-01 07:00:20,0
321,2026-04-01 07:00:39,0
322,2026-04-01 07:00:59,0
323,2026-04-01 07:01:19,0
324,2026-04-01 07:01:39,0
325,2026-04-01 07:01:58,0
326,2026-04-01 07:02:18,0
327,2026-04-01 07:02:38,0
328,2026-04-01 07:02:58,0
329,2026-04-01 07:03:17,0
330,2026-04-01 07:03:37,0
331,2026-04-01 07:03:57,0
332,2026-04-01 07:04:17,0
333,2026-04-01 07:04:36,0
334,2026-04-01 07:04:56,0
335,2026-04-01 07:05:16,0
336,2026-04-01 07:05:36,0
337,2026-04-01 07:05:55,0
338,2026-04-01 07:06:15,0
339,2026-04-01 07:06:35,0
340,2026-04-01 07:06:55,0
341,2026-04-01 07:07:14,0
342,2026-04-01 07:07:34,0
343,2026-04-01 07:07:54,0
344,2026-04-01 07:08:14,0
345,2026-04-01 07:08:33,0
346,2026-04-01 07:08:53,0
347,2026-04-01 07:09:13,0
348,2026-04-01 07:09:33,0
349,2026-04-01 07:09:52,0
350,2026-04-01 07:10:12,0
351,2026-04-01 07:10:32,0
352,2026-04-01 07:10:52,0
353,2026-04-01 07:11:11,0
354,2026-04-01 07:11:31,0
355,2026-04-01 07:11:51,0
356,2026-04-01 07:12:11,0
357,2026-04-01 07:12:30,0
358,2026-04-01 07:12:50,0
359,2026-04-01 07:13:10,0
360,2026-04-01 07:13:30,0
361,2026-04-01 07:13:49,0
362,2026-04-01 07:14:09,0
363,2026-04-01 07:14:29,0
364,2026-04-01 07:14:49,0
365,2026-04-01 07:15:08,0
366,2026-04-01 07:15:28,0
367,2026-04-01 07:15:48,0
368,2026-04-01 07:16:08,0
369,2026-04-01 07:16:27,0
370,2026-04-01 07:16:47,0
371,2026-04-01 07:17:07,0
372,2026-04-01 07:17:27,0
373,2026-04-01 07:17:46,0
374,2026-04-01 07:18:06,0
375,2026-04-01 07:18:26,0
376,2026-04-01 07:18:46,0
377,2026-04-01 07:19:05,0
378,2026-04-01 07:19:25,0
379,2026-04-01 07:19:45,0
380,2026-04-01 07:20:05,0
381,2026-04-01 07:20:24,0
382,2026-04-01 07:20:44,0
383,2026-04-01 07:21:04,0
384,2026-04-01 07:21:24,0
385,2026-04-01 07:21:43,0
386,2026-04-01 07:22:03,0
387,2026-04-01 07:22:23,0
388,2026-04-01 07:22:43,0
389,2026-04-01 07:23:02,0
390,2026-04-01 07:23:22,0
391,2026-04-01 07:23:42,0
392,2026-04-01 07:24:02,0
393,2026-04-01 07:24:21,0
394,2026-04-01 07:24:41,0
395,2026-04-01 07:25:01,0
396,2026-04-01 07:25:21,0
397,2026-04-01 07:25:40,0
398,2026-04-01 07:26:00,0
399,2026-04-01 07:26:20,0
400,2026-04-01 07:26:40,0
401,2026-04-01 07:26:59,0
402,2026-04-01 07:27:19,0
403,2026-04-01 07:27:39,0
404,2026-04-01 07:27:59,0
405,2026-04-01 07:28:18,0
406,2026-04-01 07:28:38,0
407,2026-04-01 07:28:58,0
408,2026-04-01 07:29:18,0
409,2026-04-01 07:29:37,0
410,2026-04-01 07:29:57,0
411,2026-04-01 07:30:17,0
412,2026-04-01 07:30:37,0
413,2026-04-01 07:30:56,0
414,2026-04-01 07:31:16,0
415,2026-04-01 07:31:36,0
416,2026-04-01 07:31:56,0
417,2026-04-01 07:32:15,0
418,2026-04-01 07:32:35,0
419,2026-04-01 07:32:55,0
420,2026-04-01 07:33:15,0
421,2026-04-01 07:33:34,0
422,2026-04-01 07:33:54,0
423,2026-04-01 07:34:14,0
424,2026-04-01 07:34:34,0
425,2026-04-01 07:34:53,0
426,2026-04-01 07:35:13,0
427,2026-04-01 07:35:33,0
428,2026-04-01 07:35:53,0
429,2026-04-01 07:36:12,0
430,2026-04-01 07:36:32,0
431,2026-04-01 07:36:52,0
432,2026-04-01 07:37:12,0
433,2026-04-01 07:37:31,0
434,2026-04-01 07:37:51,0
435,2026-04-01 07:38:11,0
436,2026-04-01 07:38:31,0
437,2026-04-01 07:38:50,0
438,2026-04-01 07:39:10,0
439,2026-04-01 07:39:30,0
440,2026-04-01 07:39:50,0
441,2026-04-01 07:40:09,0
442,2026-04-01 07:40:29,0
443,2026-04-01 07:40:49,0
444,2026-04-01 07:41:09,0
445,2026-04-01 07:41:28,0
446,2026-04-01 07:41:48,0
447,2026-04-01 07:42:08,0
448,2026-04-01 07:42:28,0
449,2026-04-01 07:42:47,0
450,2026-04-01 07:43:07,0
451,2026-04-01 07:43:27,0
452,2026-04-01 07:43:47,0
453,2026-04-01 07:44:06,0
454,2026-04-01 07:44:26,0
455,2026-04-01 07:44:46,0
456,2026-04-01 07:45:06,0
457,2026-04-01 07:45:25,0
458,2026-04-01 07:45:45,0
459,2026-04-01 07:46:05,0
460,2026-04-01 07:46:25,0
461,2026-04-01 07:46:44,0
462,2026-04-01 07:47:04,0
463,2026-04-01 07:47:24,0
464,2026-04-01 07:47:44,0
465,2026-04-01 07:48:03,0
466,2026-04-01 07:48:23,0
467,2026-04-01 07:48:43,0
468,2026-04-01 07:49:03,0
469,2026-04-01 07:49:22,0
470,2026-04-01 07:49:42,0
471,2026-04-01 07:50:02,0
472,2026-04-01 07:50:22,0
473,2026-04-01 07:50:41,0
474,2026-04-01 07:51:01,0
475,2026-04-01 07:51:21,0
476,2026-04-01 07:51:41,0
477,2026-04-01 07:52:00,0
478,2026-04-01 07:52:20,0
479,2026-04-01 07:52:40,0
480,2026-04-01 07:53:00,0
481,2026-04-01 07:53:19,0
482,2026-04-01 07:53:39,0
483,2026-04-01 07:53:59,0
484,2026-04-01 07:54:19,0
485,2026-04-01 07:54:38,0
486,2026-04-01 07:54:58,0
487,2026-04-01 07:55:18,0
488,2026-04-01 07:55:38,0
489,2026-04-01 07:55:57,0
490,2026-04-01 07:56:17,0
491,2026-04-01 07:56:37,0
492,2026-04-01 07:56:57,0
493,2026-04-01 07:57:16,0
494,2026-04-01 07:57:36,0
495,2026-04-01 07:57:56,0
496,2026-04-01 07:58:16,0
497,2026-04-01 07:58:35,0
498,2026-04-01 07:58:55,0
499,2026-04-01 07:59:15,0
500,2026-04-01 07:59:35,0
501,2026-04-01 07:59:54,0
502,2026-04-01 08:00:14,0
503,2026-04-01 08:00:34,0
504,2026-04-01 08:00:54,0
505,2026-04-01 08:01:13,0
506,2026-04-01 08:01:33,0
507,2026-04-01 08:01:53,0
508,2026-04-01 08:02:13,0
509,2026-04-01 08:02:32,0
510,2026-04-01 08:02:52,0
511,2026-04-01 08:03:12,0
512,2026-04-01 08:03:32,0
513,2026-04-01 08:03:51,0
514,2026-04-01 08:04:11,0
515,2026-04-01 08:04:31,0
516,2026-04-01 08:04:51,0
517,2026-04-01 08:05:10,0
518,2026-04-01 08:05:30,0
519,2026-04-01 08:05:50,0
520,2026-04-01 08:06:10,0
521,2026-04-01 08:06:29,0
522,2026-04-01 08:06:49,0
523,2026-04-01 08:07:09,0
524,2026-04-01 08:07:29,0
525,2026-04-01 08:07:48,0
526,2026-04-01 08:08:08,0
527,2026-04-01 08:08:28,0
528,2026-04-01 08:08:48,0
529,2026-04-01 08:09:07,0
530,2026-04-01 08:09:27,0
531,2026-04-01 08:09:47,0
532,2026-04-01 08:10:07,0
533,2026-04-01 08:10:26,0
534,2026-04-01 08:10:46,0
535,2026-04-01 08:11:06,0
536,2026-04-01 08:11:26,0
537,2026-04-01 08:11:45,0
538,2026-04-01 08:12:05,0
539,2026-04-01 08:12:25,0
540,2026-04-01 08:12:45,0
541,2026-04-01 08:13:04,0
542,2026-04-01 08:13:24,0
543,2026-04-01 08:13:44,0
544,2026-04-01 08:14:04,0
545,2026-04-01 08:14:23,0
546,2026-04-01 08:14:43,0
547,2026-04-01 08:15:03,0
548,2026-04-01 08:15:23,0
549,2026-04-01 08:15:42,0
550,2026-04-01 08:16:02,0
551,2026-04-01 08:16:22,0
552,2026-04-01 08:16:42,0
553,2026-04-01 08:17:01,0
554,2026-04-01 08:17:21,0
555,2026-04-01 08:17:41,0
556,2026-04-01 08:18:01,0
557,2026-04-01 08:18:20,0
558,2026-04-01 08:18:40,0
559,2026-04-01 08:19:00,0
560,2026-04-01 08:19:20,0
561,2026-04-01 08:19:39,0
562,2026-04-01 08:19:59,0
563,2026-04-01 08:20:19,0
564,2026-04-01 08:20:39,0
565,2026-04-01 08:20:58,0
566,2026-04-01 08:21:18,0
567,2026-04-01 08:21:38,0
568,2026-04-01 08:21:58,0
569,2026-04-01 08:22:17,0
570,2026-04-01 08:22:37,0
571,2026-04-01 08:22:57,0
572,2026-04-01 08:23:17,0
573,2026-04-01 08:23:36,0
574,2026-04-01 08:23:56,0
575,2026-04-01 08:24:16,0
576,2026-04-01 08:24:36,0
577,2026-04-01 08:24:55,0
578,2026-04-01 08:25:15,0
579,2026-04-01 08:25:35,0
580,2026-04-01 08:25:55,0
581,2026-04-01 08:26:14,0
582,2026-04-01 08:26:34,0
583,2026-04-01 08:26:54,0
584,2026-04-01 08:27:14,0
585,2026-04-01 08:27:33,0
586,2026-04-01 08:27:53,0
587,2026-04-01 08:28:13,0
588,2026-04-01 08:28:33,0
589,2026-04-01 08:28:52,0
590,2026-04-01 08:29:12,0
591,2026-04-01 08:29:32,0
592,2026-04-01 08:29:52,0
593,2026-04-01 08:30:11,0
594,2026-04-01 08:30:31,0
595,2026-04-01 08:30:51,0
596,2026-04-01 08:31:11,0
597,2026-04-01 08:31:30,0
598,2026-04-01 08:31:50,0
599,2026-04-01 08:32:10,0
600,2026-04-01 08:32:30,0
601,2026-04-01 08:32:49,0
602,2026-04-01 08:33:09,0
603,2026-04-01 08:33:29,0
604,2026-04-01 08:33:49,0
605,2026-04-01 08:34:08,0
606,2026-04-01 08:34:28,0
607,2026-04-01 08:34:48,0
608,2026-04-01 08:35:08,0
609,2026-04-01 08:35:27,0
610,2026-04-01 08:35:47,0
611,2026-04-01 08:36:07,0
612,2026-04-01 08:36:27,0
613,2026-04-01 08:36:46,0
614,2026-04-01 08:37:06,0
615,2026-04-01 08:37:26,0
616,2026-04-01 08:37:46,0
617,2026-04-01 08:38:05,0
618,2026-04-01 08:38:25,0
619,2026-04-01 08:38:45,0
620,2026-04-01 08:39:05,0
621,2026-04-01 08:39:24,0
622,2026-04-01 08:39:44,0
623,2026-04-01 08:40:04,0
624,2026-04-01 08:40:24,0
625,2026-04-01 08:40:43,0
626,2026-04-01 08:41:03,0
627,2026-04-01 08:41:23,0
628,2026-04-01 08:41:43,0
629,2026-04-01 08:42:02,0
630,2026-04-01 08:42:22,0
631,2026-04-01 08:42:42,0
632,2026-04-01 08:43:02,0
633,2026-04-01 08:43:21,0
634,2026-04-01 08:43:41,0
635,2026-04-01 08:44:01,0
636,2026-04-01 08:44:21,0
637,2026-04-01 08:44:40,0
638,2026-04-01 08:45:00,0
639,2026-04-01 08:45:20,0
640,2026-04-01 08:45:40,0
641,2026-04-01 08:45:59,0
642,2026-04-01 08:46:19,0
643,2026-04-01 08:46:39,0
644,2026-04-01 08:46:59,0
645,2026-04-01 08:47:18,0
646,2026-04-01 08:47:38,0
647,2026-04-01 08:47:58,0
648,2026-04-01 08:48:18,0
649,2026-04-01 08:48:37,0
650,2026-04-01 08:48:57,0
651,2026-04-01 08:49:17,0
652,2026-04-01 08:49:37,0
653,2026-04-01 08:49:56,0
654,2026-04-01 08:50:16,0
655,2026-04-01 08:50:36,0
656,2026-04-01 08:50:56,0
657,2026-04-01 08:51:15,0
658,2026-04-01 08:51:35,0
659,2026-04-01 08:51:55,0
660,2026-04-01 08:52:15,0
661,2026-04-01 08:52:34,0
662,2026-04-01 08:52:54,0
663,2026-04-01 08:53:14,0
664,2026-04-01 08:53:34,0
665,2026-04-01 08:53:53,0
666,2026-04-01 08:54:13,0
667,2026-04-01 08:54:33,0
668,2026-04-01 08:54:53,0
669,2026-04-01 08:55:12,0
670,2026-04-01 08:55:32,0
671,2026-04-01 08:55:52,0
672,2026-04-01 08:56:12,0
673,2026-04-01 08:56:31,0
674,2026-04-01 08:56:51,0
675,2026-04-01 08:57:11,0
676,2026-04-01 08:57:31,0
677,2026-04-01 08:57:50,0
678,2026-04-01 08:58:10,0
679,2026-04-01 08:58:30,0
680,2026-04-01 08:58:50,0
681,2026-04-01 08:59:09,0
682,2026-04-01 08:59:29,0
683,2026-04-01 08:59:49,0
684,2026-04-01 09:00:09,0
685,2026-04-01 09:00:28,0
686,2026-04-01 09:00:48,0
687,2026-04-01 09:01:08,0
688,2026-04-01 09:01:28,0
689,2026-04-01 09:01:47,0
690,2026-04-01 09:02:07,0
691,2026-04-01 09:02:27,0
692,2026-04-01 09:02:47,0
693,2026-04-01 09:03:06,0
694,2026-04-01 09:03:26,0
695,2026-04-01 09:03:46,0
696,2026-04-01 09:04:06,0
697,2026-04-01 09:04:25,0
698,2026-04-01 09:04:45,0
699,2026-04-01 09:05:05,0
700,2026-04-01 09:05:25,0
701,2026-04-01 09:05:44,0
702,2026-04-01 09:06:04,0
703,2026-04-01 09:06:24,0
704,2026-04-01 09:06:44,0
705,2026-04-01 09:07:03,0
706,2026-04-01 09:07:23,0
707,2026-04-01 09:07:43,0
708,2026-04-01 09:08:03,0
709,2026-04-01 09:08:22,0
710,2026-04-01 09:08:42,0
711,2026-04-01 09:09:02,0
712,2026-04-01 09:09:22,0
713,2026-04-01 09:09:41,0
714,2026-04-01 09:10:01,0
715,2026-04-01 09:10:21,0
716,2026-04-01 09:10:41,0
717,2026-04-01 09:11:00,0
718,2026-04-01 09:11:20,0
719,2026-04-01 09:11:40,0
720,2026-04-01 09:12:00,0
721,2026-04-01 09:12:19,0
722,2026-04-01 09:12:39,0
723,2026-04-01 09:12:59,0
724,2026-04-01 09:13:19,0
725,2026-04-01 09:13:38,0
726,2026-04-01 09:13:58,0
727,2026-04-01 09:14:18,0
728,2026-04-01 09:14:38,0
729,2026-04-01 09:14:57,0
730,2026-04-01 09:15:17,0
731,2026-04-01 09:15:37,0
732,2026-04-01 09:15:57,0
733,2026-04-01 09:16:16,0
734,2026-04-01 09:16:36,0
735,2026-04-01 09:16:56,0
736,2026-04-01 09:17:16,0
737,2026-04-01 09:17:35,0
738,2026-04-01 09:17:55,0
739,2026-04-01 09:18:15,0
740,2026-04-01 09:18:35,0
741,2026-04-01 09:18:54,0
742,2026-04-01 09:19:14,0
743,2026-04-01 09:19:34,0
744,2026-04-01 09:19:54,0
745,2026-04-01 09:20:13,0
746,2026-04-01 09:20:33,0
747,2026-04-01 09:20:53,0
748,2026-04-01 09:21:13,0
749,2026-04-01 09:21:32,0
750,2026-04-01 09:21:52,0
751,2026-04-01 09:22:12,0
752,2026-04-01 09:22:32,0
753,2026-04-01 09:22:51,0
754,2026-04-01 09:23:11,0
755,2026-04-01 09:23:31,0
756,2026-04-01 09:23:51,0
757,2026-04-01 09:24:10,0
758,2026-04-01 09:24:30,0
759,2026-04-01 09:24:50,0
760,2026-04-01 09:25:10,0
761,2026-04-01 09:25:29,0
762,2026-04-01 09:25:49,0
763,2026-04-01 09:26:09,0
764,2026-04-01 09:26:29,0
765,2026-04-01 09:26:48,0
766,2026-04-01 09:27:08,0
767,2026-04-01 09:27:28,0
768,2026-04-01 09:27:48,0
769,2026-04-01 09:28:07,0
770,2026-04-01 09:28:27,0
771,2026-04-01 09:28:47,0
772,2026-04-01 09:29:07,0
773,2026-04-01 09:29:26,0
774,2026-04-01 09:29:46,0
775,2026-04-01 09:30:06,0
776,2026-04-01 09:30:26,0
777,2026-04-01 09:30:45,0
778,2026-04-01 09:31:05,0
779,2026-04-01 09:31:25,0
780,2026-04-01 09:31:45,0
781,2026-04-01 09:32:04,0
782,2026-04-01 09:32:24,0
783,2026-04-01 09:32:44,0
784,2026-04-01 09:33:04,0
785,2026-04-01 09:33:23,0
786,2026-04-01 09:33:43,0
787,2026-04-01 09:34:03,0
788,2026-04-01 09:34:23,0
789,2026-04-01 09:34:42,0
790,2026-04-01 09:35:02,0
791,2026-04-01 09:35:22,0
792,2026-04-01 09:35:42,0
793,2026-04-01 09:36:01,0
794,2026-04-01 09:36:21,0
795,2026-04-01 09:36:41,0
796,2026-04-01 09:37:01,0
797,2026-04-01 09:37:20,0
798,2026-04-01 09:37:40,0
799,2026-04-01 09:38:00,0
800,2026-04-01 09:38:20,0
801,2026-04-01 09:38:39,0
802,2026-04-01 09:38:59,0
803,2026-04-01 09:39:19,0
804,2026-04-01 09:39:39,0
805,2026-04-01 09:39:58,0
806,2026-04-01 09:40:18,0
807,2026-04-01 09:40:38,0
808,2026-04-01 09:40:58,0
809,2026-04-01 09:41:17,0
810,2026-04-01 09:41:37,0
811,2026-04-01 09:41:57,0
812,2026-04-01 09:42:17,0
813,2026-04-01 09:42:36,0
814,2026-04-01 09:42:56,0
815,2026-04-01 09:43:16,0
816,2026-04-01 09:43:36,0
817,2026-04-01 09:43:55,0
818,2026-04-01 09:44:15,0
819,2026-04-01 09:44:35,0
820,2026-04-01 09:44:55,0
821,2026-04-01 09:45:14,0
822,2026-04-01 09:45:34,0
823,2026-04-01 09:45:54,0
824,2026-04-01 09:46:14,0
825,2026-04-01 09:46:33,0
826,2026-04-01 09:46:53,0
827,2026-04-01 09:47:13,0
828,2026-04-01 09:47:33,0
829,2026-04-01 09:47:52,0
830,2026-04-01 09:48:12,0
831,2026-04-01 09:48:32,0
832,2026-04-01 09:48:52,0
833,2026-04-01 09:49:11,0
834,2026-04-01 09:49:31,0
835,2026-04-01 09:49:51,0
836,2026-04-01 09:50:11,0
837,2026-04-01 09:50:30,0
838,2026-04-01 09:50:50,0
839,2026-04-01 09:51:10,0
840,2026-04-01 09:51:30,0
841,2026-04-01 09:51:49,0
842,2026-04-01 09:52:09,0
843,2026-04-01 09:52:29,0
844,2026-04-01 09:52:49,0
845,2026-04-01 09:53:08,0
846,2026-04-01 09:53:28,0
847,2026-04-01 09:53:48,0
848,2026-04-01 09:54:08,0
849,2026-04-01 09:54:27,0
850,2026-04-01 09:54:47,0
851,2026-04-01 09:55:07,0
852,2026-04-01 09:55:27,0
853,2026-04-01 09:55:46,0
854,2026-04-01 09:56:06,0
855,2026-04-01 09:56:26,0
856,2026-04-01 09:56:46,0
857,2026-04-01 09:57:05,0
858,2026-04-01 09:57:25,0
859,2026-04-01 09:57:45,0
860,2026-04-01 09:58:05,0
861,2026-04-01 09:58:24,0
862,2026-04-01 09:58:44,0
863,2026-04-01 09:59:04,0
864,2026-04-01 09:59:24,0
865,2026-04-01 09:59:43,0
866,2026-04-01 10:00:03,0
867,2026-04-01 10:00:23,0
868,2026-04-01 10:00:43,0
869,2026-04-01 10:01:02,0
870,2026-04-01 10:01:22,0
871,2026-04-01 10:01:42,0
872,2026-04-01 10:02:02,0
873,2026-04-01 10:02:21,0
874,2026-04-01 10:02:41,0
875,2026-04-01 10:03:01,0
876,2026-04-01 10:03:21,0
877,2026-04-01 10:03:40,0
878,2026-04-01 10:04:00,0
879,2026-04-01 10:04:20,0
880,2026-04-01 10:04:40,0
881,2026-04-01 10:04:59,0
882,2026-04-01 10:05:19,0
883,2026-04-01 10:05:39,0
884,2026-04-01 10:05:59,0
885,2026-04-01 10:06:18,0
886,2026-04-01 10:06:38,0
887,2026-04-01 10:06:58,0
888,2026-04-01 10:07:18,0
889,2026-04-01 10:07:37,0
890,2026-04-01 10:07:57,0
891,2026-04-01 10:08:17,0
892,2026-04-01 10:08:37,0
893,2026-04-01 10:08:56,0
894,2026-04-01 10:09:16,0
895,2026-04-01 10:09:36,0
896,2026-04-01 10:09:56,0
897,2026-04-01 10:10:15,0
898,2026-04-01 10:10:35,0
899,2026-04-01 10:10:55,0
900,2026-04-01 10:11:15,0
901,2026-04-01 10:11:34,0
902,2026-04-01 10:11:54,0
903,2026-04-01 10:12:14,0
904,2026-04-01 10:12:34,0
905,2026-04-01 10:12:53,0
906,2026-04-01 10:13:13,0
907,2026-04-01 10:13:33,0
908,2026-04-01 10:13:53,0
909,2026-04-01 10:14:12,0
910,2026-04-01 10:14:32,0
911,2026-04-01 10:14:52,0
912,2026-04-01 10:15:12,0
913,2026-04-01 10:15:31,0
914,2026-04-01 10:15:51,0
915,2026-04-01 10:16:11,0
916,2026-04-01 10:16:31,0
917,2026-04-01 10:16:50,0
918,2026-04-01 10:17:10,0
919,2026-04-01 10:17:30,0
920,2026-04-01 10:17:50,0
921,2026-04-01 10:18:09,0
922,2026-04-01 10:18:29,0
923,2026-04-01 10:18:49,0
924,2026-04-01 10:19:09,0
925,2026-04-01 10:19:28,0
926,2026-04-01 10:19:48,0
927,2026-04-01 10:20:08,0
928,2026-04-01 10:20:28,0
929,2026-04-01 10:20:47,0
930,2026-04-01 10:21:07,0
931,2026-04-01 10:21:27,0
932,2026-04-01 10:21:47,0
933,2026-04-01 10:22:06,0
934,2026-04-01 10:22:26,0
935,2026-04-01 10:22:46,0
936,2026-04-01 10:23:06,0
937,2026-04-01 10:23:25,0
938,2026-04-01 10:23:45,0
939,2026-04-01 10:24:05,0
940,2026-04-01 10:24:25,0
941,2026-04-01 10:24:44,0
942,2026-04-01 10:25:04,0
943,2026-04-01 10:25:24,0
944,2026-04-01 10:25:44,0
945,2026-04-01 10:26:03,0
946,2026-04-01 10:26:23,0
947,2026-04-01 10:26:43,0
948,2026-04-01 10:27:03,0
949,2026-04-01 10:27:22,0
950,2026-04-01 10:27:42,0
951,2026-04-01 10:28:02,0
952,2026-04-01 10:28:22,0
953,2026-04-01 10:28:41,0
954,2026-04-01 10:29:01,0
955,2026-04-01 10:29:21,0
956,2026-04-01 10:29:41,0
957,2026-04-01 10:30:00,0
958,2026-04-01 10:30:20,0
959,2026-04-01 10:30:40,0
960,2026-04-01 10:31:00,0
961,2026-04-01 10:31:19,0
962,2026-04-01 10:31:39,0
963,2026-04-01 10:31:59,0
964,2026-04-01 10:32:19,0
965,2026-04-01 10:32:38,0
966,2026-04-01 10:32:58,0
967,2026-04-01 10:33:18,0
968,2026-04-01 10:33:38,0
969,2026-04-01 10:33:57,0
970,2026-04-01 10:34:17,0
971,2026-04-01 10:34:37,0
972,2026-04-01 10:34:57,0
973,2026-04-01 10:35:16,0
974,2026-04-01 10:35:36,0
975,2026-04-01 10:35:56,0
976,2026-04-01 10:36:16,0
977,2026-04-01 10:36:35,0
978,2026-04-01 10:36:55,0
979,2026-04-01 10:37:15,0
980,2026-04-01 10:37:35,0
981,2026-04-01 10:37:54,0
982,2026-04-01 10:38:14,0
983,2026-04-01 10:38:34,0
984,2026-04-01 10:38:54,0
985,2026-04-01 10:39:13,0
986,2026-04-01 10:39:33,0
987,2026-04-01 10:39:53,0
988,2026-04-01 10:40:13,0
989,2026-04-01 10:40:32,0
990,2026-04-01 10:40:52,0
991,2026-04-01 10:41:12,0
992,2026-04-01 10:41:32,0
993,2026-04-01 10:41:51,0
994,2026-04-01 10:42:11,0
995,2026-04-01 10:42:31,0
996,2026-04-01 10:42:51,0
997,2026-04-01 10:43:10,0
998,2026-04-01 10:43:30,0
999,2026-04-01 10:43:50,0
1000,2026-04-01 10:44:10,0
1001,2026-04-01 10:44:29,0
1002,2026-04-01 10:44:49,0
1003,2026-04-01 10:45:09,0
1004,2026-04-01 10:45:29,0
1005,2026-04-01 10:45:48,0
1006,2026-04-01 10:46:08,0
1007,2026-04-01 10:46:28,0
1008,2026-04-01 10:46:48,0
1009,2026-04-01 10:47:07,0
1010,2026-04-01 10:47:27,0
1011,2026-04-01 10:47:47,0
1012,2026-04-01 10:48:07,0
1013,2026-04-01 10:48:26,0
1014,2026-04-01 10:48:46,0
1015,2026-04-01 10:49:06,0
1016,2026-04-01 10:49:26,0
1017,2026-04-01 10:49:45,0
1018,2026-04-01 10:50:05,0
1019,2026-04-01 10:50:25,0
1020,2026-04-01 10:50:45,0
1021,2026-04-01 10:51:04,0
1022,2026-04-01 10:51:24,0
1023,2026-04-01 10:51:44,0
1024,2026-04-01 10:52:04,0
1025,2026-04-01 10:52:23,0
1026,2026-04-01 10:52:43,0
1027,2026-04-01 10:53:03,0
1028,2026-04-01 10:53:23,0
1029,2026-04-01 10:53:42,0
1030,2026-04-01 10:54:02,0
1031,2026-04-01 10:54:22,0
1032,2026-04-01 10:54:42,0
1033,2026-04-01 10:55:01,0
1034,2026-04-01 10:55:21,0
1035,2026-04-01 10:55:41,0
1036,2026-04-01 10:56:01,0
1037,2026-04-01 10:56:20,0
1038,2026-04-01 10:56:40,0
1039,2026-04-01 10:57:00,0
1040,2026-04-01 10:57:20,0
1041,2026-04-01 10:57:39,0
1042,2026-04-01 10:57:59,0
1043,2026-04-01 10:58:19,0
1044,2026-04-01 10:58:39,0
1045,2026-04-01 10:58:58,0
1046,2026-04-01 10:59:18,0
1047,2026-04-01 10:59:38,0
1048,2026-04-01 10:59:58,0
1049,2026-04-01 11:00:17,0
1050,2026-04-01 11:00:37,0
1051,2026-04-01 11:00:57,0
1052,2026-04-01 11:01:17,0
1053,2026-04-01 11:01:36,0
1054,2026-04-01 11:01:56,0
1055,2026-04-01 11:02:16,0
1056,2026-04-01 11:02:36,0
1057,2026-04-01 11:02:55,0
1058,2026-04-01 11:03:15,0
1059,2026-04-01 11:03:35,0
1060,2026-04-01 11:03:55,0
1061,2026-04-01 11:04:14,0
1062,2026-04-01 11:04:34,0
1063,2026-04-01 11:04:54,0
1064,2026-04-01 11:05:14,0
1065,2026-04-01 11:05:33,0
1066,2026-04-01 11:05:53,0
1067,2026-04-01 11:06:13,0
1068,2026-04-01 11:06:33,0
1069,2026-04-01 11:06:52,0
1070,2026-04-01 11:07:12,0
1071,2026-04-01 11:07:32,0
1072,2026-04-01 11:07:52,0
1073,2026-04-01 11:08:11,0
1074,2026-04-01 11:08:31,0
1075,2026-04-01 11:08:51,0
1076,2026-04-01 11:09:11,0
1077,2026-04-01 11:09:30,0
1078,2026-04-01 11:09:50,0
1079,2026-04-01 11:10:10,0
1080,2026-04-01 11:10:30,0
1081,2026-04-01 11:10:49,0
1082,2026-04-01 11:11:09,0
1083,2026-04-01 11:11:29,0
1084,2026-04-01 11:11:49,0
1085,2026-04-01 11:12:08,0
1086,2026-04-01 11:12:28,0
1087,2026-04-01 11:12:48,0
1088,2026-04-01 11:13:08,0
1089,2026-04-01 11:13:27,0
1090,2026-04-01 11:13:47,0
1091,2026-04-01 11:14:07,0
1092,2026-04-01 11:14:27,0
1093,2026-04-01 11:14:46,0
1094,2026-04-01 11:15:06,0
1095,2026-04-01 11:15:26,0
1096,2026-04-01 11:15:46,0
1097,2026-04-01 11:16:05,0
1098,2026-04-01 11:16:25,0
1099,2026-04-01 11:16:45,0
1100,2026-04-01 11:17:05,0
1101,2026-04-01 11:17:24,0
1102,2026-04-01 11:17:44,0
1103,2026-04-01 11:18:04,0
1104,2026-04-01 11:18:24,0
1105,2026-04-01 11:18:43,0
1106,2026-04-01 11:19:03,0
1107,2026-04-01 11:19:23,0
1108,2026-04-01 11:19:43,0
1109,2026-04-01 11:20:02,0
1110,2026-04-01 11:20:22,0
1111,2026-04-01 11:20:42,0
1112,2026-04-01 11:21:02,0
1113,2026-04-01 11:21:21,0
1114,2026-04-01 11:21:41,0
1115,2026-04-01 11:22:01,0
1116,2026-04-01 11:22:21,0
1117,2026-04-01 11:22:40,0
1118,2026-04-01 11:23:00,0
1119,2026-04-01 11:23:20,0
1120,2026-04-01 11:23:40,0
1121,2026-04-01 11:23:59,0
1122,2026-04-01 11:24:19,0
1123,2026-04-01 11:24:39,0
1124,2026-04-01 11:24:59,0
1125,2026-04-01 11:25:18,0
1126,2026-04-01 11:25:38,0
1127,2026-04-01 11:25:58,0
1128,2026-04-01 11:26:18,0
1129,2026-04-01 11:26:37,0
1130,2026-04-01 11:26:57,0
1131,2026-04-01 11:27:17,0
1132,2026-04-01 11:27:37,0
1133,2026-04-01 11:27:56,0
1134,2026-04-01 11:28:16,0
1135,2026-04-01 11:28:36,0
1136,2026-04-01 11:28:56,0
1137,2026-04-01 11:29:15,0
1138,2026-04-01 11:29:35,0
1139,2026-04-01 11:29:55,0
1140,2026-04-01 11:30:15,0
1141,2026-04-01 11:30:34,0
1142,2026-04-01 11:30:54,0
1143,2026-04-01 11:31:14,0
1144,2026-04-01 11:31:34,0
1145,2026-04-01 11:31:53,0
1146,2026-04-01 11:32:13,0
1147,2026-04-01 11:32:33,0
1148,2026-04-01 11:32:53,0
1149,2026-04-01 11:33:12,0
1150,2026-04-01 11:33:32,0
1151,2026-04-01 11:33:52,0
1152,2026-04-01 11:34:12,0
1153,2026-04-01 11:34:31,0
1154,2026-04-01 11:34:51,0
1155,2026-04-01 11:35:11,0
1156,2026-04-01 11:35:31,0
1157,2026-04-01 11:35:50,0
1158,2026-04-01 11:36:10,0
1159,2026-04-01 11:36:30,0
1160,2026-04-01 11:36:50,0
1161,2026-04-01 11:37:09,0
1162,2026-04-01 11:37:29,0
1163,2026-04-01 11:37:49,0
1164,2026-04-01 11:38:09,0
1165,2026-04-01 11:38:28,0
1166,2026-04-01 11:38:48,0
1167,2026-04-01 11:39:08,0
1168,2026-04-01 11:39:28,0
1169,2026-04-01 11:39:47,0
1170,2026-04-01 11:40:07,0
1171,2026-04-01 11:40:27,0
1172,2026-04-01 11:40:47,0
1173,2026-04-01 11:41:06,0
1174,2026-04-01 11:41:26,0
1175,2026-04-01 11:41:46,0
1176,2026-04-01 11:42:06,0
1177,2026-04-01 11:42:25,0
1178,2026-04-01 11:42:45,0
1179,2026-04-01 11:43:05,0
1180,2026-04-01 11:43:25,0
1181,2026-04-01 11:43:44,0
1182,2026-04-01 11:44:04,0
1183,2026-04-01 11:44:24,0
1184,2026-04-01 11:44:44,0
1185,2026-04-01 11:45:03,0
1186,2026-04-01 11:45:23,0
1187,2026-04-01 11:45:43,0
1188,2026-04-01 11:46:03,0
1189,2026-04-01 11:46:22,0
1190,2026-04-01 11:46:42,0
1191,2026-04-01 11:47:02,0
1192,2026-04-01 11:47:22,0
1193,2026-04-01 11:47:41,0
1194,2026-04-01 11:48:01,0
1195,2026-04-01 11:48:21,0
1196,2026-04-01 11:48:41,0
1197,2026-04-01 11:49:00,0
1198,2026-04-01 11:49:20,0
1199,2026-04-01 11:49:40,0
1200,2026-04-01 11:50:00,0
1201,2026-04-01 11:50:19,0
1202,2026-04-01 11:50:39,0
1203,2026-04-01 11:50:59,0
1204,2026-04-01 11:51:19,0
1205,2026-04-01 11:51:38,0
1206,2026-04-01 11:51:58,0
1207,2026-04-01 11:52:18,0
1208,2026-04-01 11:52:38,0
1209,2026-04-01 11:52:57,0
1210,2026-04-01 11:53:17,0
1211,2026-04-01 11:53:37,0
1212,2026-04-01 11:53:57,0
1213,2026-04-01 11:54:16,0
1214,2026-04-01 11:54:36,0
1215,2026-04-01 11:54:56,0
1216,2026-04-01 11:55:16,0
1217,2026-04-01 11:55:35,0
1218,2026-04-01 11:55:55,0
1219,2026-04-01 11:56:15,0
1220,2026-04-01 11:56:35,0
1221,2026-04-01 11:56:54,0
1222,2026-04-01 11:57:14,0
1223,2026-04-01 11:57:34,0
1224,2026-04-01 11:57:54,0
1225,2026-04-01 11:58:13,0
1226,2026-04-01 11:58:33,0
1227,2026-04-01 11:58:53,0
1228,2026-04-01 11:59:13,0
1229,2026-04-01 11:59:32,0
1230,2026-04-01 11:59:52,0
1231,2026-04-01 12:00:12,0
1232,2026-04-01 12:00:32,0
1233,2026-04-01 12:00:51,0
1234,2026-04-01 12:01:11,0
1235,2026-04-01 12:01:31,0
1236,2026-04-01 12:01:51,0
1237,2026-04-01 12:02:10,0
1238,2026-04-01 12:02:30,0
1239,2026-04-01 12:02:50,0
1240,2026-04-01 12:03:10,0
1241,2026-04-01 12:03:29,0
1242,2026-04-01 12:03:49,0
1243,2026-04-01 12:04:09,0
1244,2026-04-01 12:04:29,0
1245,2026-04-01 12:04:48,0
1246,2026-04-01 12:05:08,0
1247,2026-04-01 12:05:28,0
1248,2026-04-01 12:05:48,0
1249,2026-04-01 12:06:07,0
1250,2026-04-01 12:06:27,0
1251,2026-04-01 12:06:47,0
1252,2026-04-01 12:07:07,0
1253,2026-04-01 12:07:26,0
1254,2026-04-01 12:07:46,0
1255,2026-04-01 12:08:06,0
1256,2026-04-01 12:08:26,0
1257,2026-04-01 12:08:45,0
1258,2026-04-01 12:09:05,0
1259,2026-04-01 12:09:25,0
1260,2026-04-01 12:09:45,0
1261,2026-04-01 12:10:04,0
1262,2026-04-01 12:10:24,0
1263,2026-04-01 12:10:44,0
1264,2026-04-01 12:11:04,0
1265,2026-04-01 12:11:23,0
1266,2026-04-01 12:11:43,0
1267,2026-04-01 12:12:03,0
1268,2026-04-01 12:12:23,0
1269,2026-04-01 12:12:42,0
1270,2026-04-01 12:13:02,0
1271,2026-04-01 12:13:22,0
1272,2026-04-01 12:13:42,0
1273,2026-04-01 12:14:01,0
1274,2026-04-01 12:14:21,0
1275,2026-04-01 12:14:41,0
1276,2026-04-01 12:15:01,0
1277,2026-04-01 12:15:20,0
1278,2026-04-01 12:15:40,0
1279,2026-04-01 12:16:00,0
1280,2026-04-01 12:16:20,0
1281,2026-04-01 12:16:39,0
1282,2026-04-01 12:16:59,0
1283,2026-04-01 12:17:19,0
1284,2026-04-01 12:17:39,0
1285,2026-04-01 12:17:58,0
1286,2026-04-01 12:18:18,0
1287,2026-04-01 12:18:38,0
1288,2026-04-01 12:18:58,0
1289,2026-04-01 12:19:17,0
1290,2026-04-01 12:19:37,0
1291,2026-04-01 12:19:57,0
1292,2026-04-01 12:20:17,0
1293,2026-04-01 12:20:36,0
1294,2026-04-01 12:20:56,0
1295,2026-04-01 12:21:16,0
1296,2026-04-01 12:21:36,0
1297,2026-04-01 12:21:55,0
1298,2026-04-01 12:22:15,0
1299,2026-04-01 12:22:35,0
1300,2026-04-01 12:22:55,0
1301,2026-04-01 12:23:14,0
1302,2026-04-01 12:23:34,0
1303,2026-04-01 12:23:54,0
1304,2026-04-01 12:24:14,0
1305,2026-04-01 12:24:33,0
1306,2026-04-01 12:24:53,0
1307,2026-04-01 12:25:13,0
1308,2026-04-01 12:25:33,0
1309,2026-04-01 12:25:52,0
1310,2026-04-01 12:26:12,0
1311,2026-04-01 12:26:32,0
1312,2026-04-01 12:26:52,0
1313,2026-04-01 12:27:11,0
1314,2026-04-01 12:27:31,0
1315,2026-04-01 12:27:51,0
1316,2026-04-01 12:28:11,0
1317,2026-04-01 12:28:30,0
1318,2026-04-01 12:28:50,0
1319,2026-04-01 12:29:10,0
1320,2026-04-01 12:29:30,0
1321,2026-04-01 12:29:49,0
1322,2026-04-01 12:30:09,0
1323,2026-04-01 12:30:29,0
1324,2026-04-01 12:30:49,0
1325,2026-04-01 12:31:08,0
1326,2026-04-01 12:31:28,0
1327,2026-04-01 12:31:48,0
1328,2026-04-01 12:32:08,0
1329,2026-04-01 12:32:27,0
1330,2026-04-01 12:32:47,0
1331,2026-04-01 12:33:07,0
1332,2026-04-01 12:33:27,0
1333,2026-04-01 12:33:46,0
1334,2026-04-01 12:34:06,0
1335,2026-04-01 12:34:26,0
1336,2026-04-01 12:34:46,0
1337,2026-04-01 12:35:05,0
1338,2026-04-01 12:35:25,0
1339,2026-04-01 12:35:45,0
1340,2026-04-01 12:36:05,0
1341,2026-04-01 12:36:24,0
1342,2026-04-01 12:36:44,0
1343,2026-04-01 12:37:04,0
1344,2026-04-01 12:37:24,0
1345,2026-04-01 12:37:43,0
1346,2026-04-01 12:38:03,0
1347,2026-04-01 12:38:23,0
1348,2026-04-01 12:38:43,0
1349,2026-04-01 12:39:02,0
1350,2026-04-01 12:39:22,0
1351,2026-04-01 12:39:42,0
1352,2026-04-01 12:40:02,0
1353,2026-04-01 12:40:21,0
1354,2026-04-01 12:40:41,0
1355,2026-04-01 12:41:01,0
1356,2026-04-01 12:41:21,0
1357,2026-04-01 12:41:40,0
1358,2026-04-01 12:42:00,0
1359,2026-04-01 12:42:20,0
1360,2026-04-01 12:42:40,0
1361,2026-04-01 12:42:59,0
1362,2026-04-01 12:43:19,0
1363,2026-04-01 12:43:39,0
1364,2026-04-01 12:43:59,0
1365,2026-04-01 12:44:18,0
1366,2026-04-01 12:44:38,0
1367,2026-04-01 12:44:58,0
1368,2026-04-01 12:45:18,0
1369,2026-04-01 12:45:37,0
1370,2026-04-01 12:45:57,0
1371,2026-04-01 12:46:17,0
1372,2026-04-01 12:46:37,0
1373,2026-04-01 12:46:56,0
1374,2026-04-01 12:47:16,0
1375,2026-04-01 12:47:36,0
1376,2026-04-01 12:47:56,0
1377,2026-04-01 12:48:15,0
1378,2026-04-01 12:48:35,0
1379,2026-04-01 12:48:55,0
1380,2026-04-01 12:49:15,0
1381,2026-04-01 12:49:34,0
1382,2026-04-01 12:49:54,0
1383,2026-04-01 12:50:14,0
1384,2026-04-01 12:50:34,0
1385,2026-04-01 12:50:53,0
1386,2026-04-01 12:51:13,0
1387,2026-04-01 12:51:33,0
1388,2026-04-01 12:51:53,0
1389,2026-04-01 12:52:12,0
1390,2026-04-01 12:52:32,0
1391,2026-04-01 12:52:52,0
1392,2026-04-01 12:53:12,0
1393,2026-04-01 12:53:31,0
1394,2026-04-01 12:53:51,0
1395,2026-04-01 12:54:11,0
1396,2026-04-01 12:54:31,0
1397,2026-04-01 12:54:50,0
1398,2026-04-01 12:55:10,0
1399,2026-04-01 12:55:30,0
1400,2026-04-01 12:55:50,0
1401,2026-04-01 12:56:09,0
1402,2026-04-01 12:56:29,0
1403,2026-04-01 12:56:49,0
1404,2026-04-01 12:57:09,0
1405,2026-04-01 12:57:28,0
1406,2026-04-01 12:57:48,0
1407,2026-04-01 12:58:08,0
1408,2026-04-01 12:58:28,0
1409,2026-04-01 12:58:47,0
1410,2026-04-01 12:59:07,0
1411,2026-04-01 12:59:27,0
1412,2026-04-01 12:59:47,0
1413,2026-04-01 13:00:06,0
1414,2026-04-01 13:00:26,0
1415,2026-04-01 13:00:46,0
1416,2026-04-01 13:01:06,0
1417,2026-04-01 13:01:25,0
1418,2026-04-01 13:01:45,0
1419,2026-04-01 13:02:05,0
1420,2026-04-01 13:02:25,0
1421,2026-04-01 13:02:44,0
1422,2026-04-01 13:03:04,0
1423,2026-04-01 13:03:24,0
1424,2026-04-01 13:03:44,0
1425,2026-04-01 13:04:03,0
1426,2026-04-01 13:04:23,0
1427,2026-04-01 13:04:43,0
1428,2026-04-01 13:05:03,0
1429,2026-04-01 13:05:22,0
1430,2026-04-01 13:05:42,0
1431,2026-04-01 13:06:02,0
1432,2026-04-01 13:06:22,0
1433,2026-04-01 13:06:41,0
1434,2026-04-01 13:07:01,0
1435,2026-04-01 13:07:21,0
1436,2026-04-01 13:07:41,0
1437,2026-04-01 13:08:00,0
1438,2026-04-01 13:08:20,0
1439,2026-04-01 13:08:40,0
1440,2026-04-01 13:09:00,0
1441,2026-04-01 13:09:19,0
1442,2026-04-01 13:09:39,0
1443,2026-04-01 13:09:59,0
1444,2026-04-01 13:10:19,0
1445,2026-04-01 13:10:38,0
1446,2026-04-01 13:10:58,0
1447,2026-04-01 13:11:18,0
1448,2026-04-01 13:11:38,0
1449,2026-04-01 13:11:57,0
1450,2026-04-01 13:12:17,0
1451,2026-04-01 13:12:37,0
1452,2026-04-01 13:12:57,0
1453,2026-04-01 13:13:16,0
1454,2026-04-01 13:13:36,0
1455,2026-04-01 13:13:56,0
1456,2026-04-01 13:14:16,0
1457,2026-04-01 13:14:35,0
1458,2026-04-01 13:14:55,0
1459,2026-04-01 13:15:15,0
1460,2026-04-01 13:15:35,0
1461,2026-04-01 13:15:54,0
1462,2026-04-01 13:16:14,0
1463,2026-04-01 13:16:34,0
1464,2026-04-01 13:16:54,0
1465,2026-04-01 13:17:13,0
1466,2026-04-01 13:17:33,0
1467,2026-04-01 13:17:53,0
1468,2026-04-01 13:18:13,0
1469,2026-04-01 13:18:32,0
1470,2026-04-01 13:18:52,0
1471,2026-04-01 13:19:12,0
1472,2026-04-01 13:19:32,0
1473,2026-04-01 13:19:51,0
1474,2026-04-01 13:20:11,0
1475,2026-04-01 13:20:31,0
1476,2026-04-01 13:20:51,0
1477,2026-04-01 13:21:10,0
1478,2026-04-01 13:21:30,0
1479,2026-04-01 13:21:50,0
1480,2026-04-01 13:22:10,0
1481,2026-04-01 13:22:29,0
1482,2026-04-01 13:22:49,0
1483,2026-04-01 13:23:09,0
1484,2026-04-01 13:23:29,0
1485,2026-04-01 13:23:48,0
1486,2026-04-01 13:24:08,0
1487,2026-04-01 13:24:28,0
1488,2026-04-01 13:24:48,0
1489,2026-04-01 13:25:07,0
1490,2026-04-01 13:25:27,0
1491,2026-04-01 13:25:47,0
1492,2026-04-01 13:26:07,0
1493,2026-04-01 13:26:26,0
1494,2026-04-01 13:26:46,0
1495,2026-04-01 13:27:06,0
1496,2026-04-01 13:27:26,0
1497,2026-04-01 13:27:45,0
1498,2026-04-01 13:28:05,0
1499,2026-04-01 13:28:25,0
1500,2026-04-01 13:28:45,0
1501,2026-04-01 13:29:04,0
1502,2026-04-01 13:29:24,0
1503,2026-04-01 13:29:44,0
1504,2026-04-01 13:30:04,0
1505,2026-04-01 13:30:23,0
1506,2026-04-01 13:30:43,0
1507,2026-04-01 13:31:03,0
1508,2026-04-01 13:31:23,0
1509,2026-04-01 13:31:42,0
1510,2026-04-01 13:32:02,0
1511,2026-04-01 13:32:22,0
1512,2026-04-01 13:32:42,0
1513,2026-04-01 13:33:01,0
1514,2026-04-01 13:33:21,0
1515,2026-04-01 13:33:41,0
1516,2026-04-01 13:34:01,0
1517,2026-04-01 13:34:20,0
1518,2026-04-01 13:34:40,0
1519,2026-04-01 13:35:00,0
1520,2026-04-01 13:35:20,0
1521,2026-04-01 13:35:39,0
1522,2026-04-01 13:35:59,0
1523,2026-04-01 13:36:19,0
1524,2026-04-01 13:36:39,0
1525,2026-04-01 13:36:58,0
1526,2026-04-01 13:37:18,0
1527,2026-04-01 13:37:38,0
1528,2026-04-01 13:37:58,0
1529,2026-04-01 13:38:17,0
1530,2026-04-01 13:38:37,0
1531,2026-04-01 13:38:57,0
1532,2026-04-01 13:39:17,0
1533,2026-04-01 13:39:36,0
1534,2026-04-01 13:39:56,0
1535,2026-04-01 13:40:16,0
1536,2026-04-01 13:40:36,0
1537,2026-04-01 13:40:55,0
1538,2026-04-01 13:41:15,0
1539,2026-04-01 13:41:35,0
1540,2026-04-01 13:41:55,0
1541,2026-04-01 13:42:14,0
1542,2026-04-01 13:42:34,0
1543,2026-04-01 13:42:54,0
1544,2026-04-01 13:43:14,0
1545,2026-04-01 13:43:33,0
1546,2026-04-01 13:43:53,0
1547,2026-04-01 13:44:13,0
1548,2026-04-01 13:44:33,0
1549,2026-04-01 13:44:52,0
1550,2026-04-01 13:45:12,0
1551,2026-04-01 13:45:32,0
1552,2026-04-01 13:45:52,0
1553,2026-04-01 13:46:11,0
1554,2026-04-01 13:46:31,0
1555,2026-04-01 13:46:51,0
1556,2026-04-01 13:47:11,0
1557,2026-04-01 13:47:30,0
1558,2026-04-01 13:47:50,0
1559,2026-04-01 13:48:10,0
1560,2026-04-01 13:48:30,0
1561,2026-04-01 13:48:49,0
1562,2026-04-01 13:49:09,0
1563,2026-04-01 13:49:29,0
1564,2026-04-01 13:49:49,0
1565,2026-04-01 13:50:08,0
1566,2026-04-01 13:50:28,0
1567,2026-04-01 13:50:48,0
1568,2026-04-01 13:51:08,0
1569,2026-04-01 13:51:27,0
1570,2026-04-01 13:51:47,0
1571,2026-04-01 13:52:07,0
1572,2026-04-01 13:52:27,0
1573,2026-04-01 13:52:46,0
1574,2026-04-01 13:53:06,0
1575,2026-04-01 13:53:26,0
1576,2026-04-01 13:53:46,0
1577,2026-04-01 13:54:05,0
1578,2026-04-01 13:54:25,0
1579,2026-04-01 13:54:45,0
1580,2026-04-01 13:55:05,0
1581,2026-04-01 13:55:24,0
1582,2026-04-01 13:55:44,0
1583,2026-04-01 13:56:04,0
1584,2026-04-01 13:56:24,0
1585,2026-04-01 13:56:43,0
1586,2026-04-01 13:57:03,0
1587,2026-04-01 13:57:23,0
1588,2026-04-01 13:57:43,0
1589,2026-04-01 13:58:02,0
1590,2026-04-01 13:58:22,0
1591,2026-04-01 13:58:42,0
1592,2026-04-01 13:59:02,0
1593,2026-04-01 13:59:21,0
1594,2026-04-01 13:59:41,0
1595,2026-04-01 14:00:01,0
1596,2026-04-01 14:00:21,0
1597,2026-04-01 14:00:40,0
1598,2026-04-01 14:01:00,0
1599,2026-04-01 14:01:20,0
1600,2026-04-01 14:01:40,0
1601,2026-04-01 14:01:59,0
1602,2026-04-01 14:02:19,0
1603,2026-04-01 14:02:39,0
1604,2026-04-01 14:02:59,0
1605,2026-04-01 14:03:18,0
1606,2026-04-01 14:03:38,0
1607,2026-04-01 14:03:58,0
1608,2026-04-01 14:04:18,0
1609,2026-04-01 14:04:37,0
1610,2026-04-01 14:04:57,0
1611,2026-04-01 14:05:17,0
1612,2026-04-01 14:05:37,0
1613,2026-04-01 14:05:56,0
1614,2026-04-01 14:06:16,0
1615,2026-04-01 14:06:36,0
1616,2026-04-01 14:06:56,0
1617,2026-04-01 14:07:15,0
1618,2026-04-01 14:07:35,0
1619,2026-04-01 14:07:55,0
1620,2026-04-01 14:08:15,0
1621,2026-04-01 14:08:34,0
1622,2026-04-01 14:08:54,0
1623,2026-04-01 14:09:14,0
1624,2026-04-01 14:09:34,0
1625,2026-04-01 14:09:53,0
1626,2026-04-01 14:10:13,0
1627,2026-04-01 14:10:33,0
1628,2026-04-01 14:10:53,0
1629,2026-04-01 14:11:12,0
1630,2026-04-01 14:11:32,0
1631,2026-04-01 14:11:52,0
1632,2026-04-01 14:12:12,0
1633,2026-04-01 14:12:31,0
1634,2026-04-01 14:12:51,0
1635,2026-04-01 14:13:11,0
1636,2026-04-01 14:13:31,0
1637,2026-04-01 14:13:50,0
1638,2026-04-01 14:14:10,0
1639,2026-04-01 14:14:30,0
1640,2026-04-01 14:14:50,0
1641,2026-04-01 14:15:09,0
1642,2026-04-01 14:15:29,0
1643,2026-04-01 14:15:49,0
1644,2026-04-01 14:16:09,0
1645,2026-04-01 14:16:28,0
1646,2026-04-01 14:16:48,0
1647,2026-04-01 14:17:08,0
1648,2026-04-01 14:17:28,0
1649,2026-04-01 14:17:47,0
1650,2026-04-01 14:18:07,0
1651,2026-04-01 14:18:27,0
1652,2026-04-01 14:18:47,0
1653,2026-04-01 14:19:06,0
1654,2026-04-01 14:19:26,0
1655,2026-04-01 14:19:46,0
1656,2026-04-01 14:20:06,0
1657,2026-04-01 14:20:25,0
1658,2026-04-01 14:20:45,0
1659,2026-04-01 14:21:05,0
1660,2026-04-01 14:21:25,0
1661,2026-04-01 14:21:44,0
1662,2026-04-01 14:22:04,0
1663,2026-04-01 14:22:24,0
1664,2026-04-01 14:22:44,0
1665,2026-04-01 14:23:03,0
1666,2026-04-01 14:23:23,0
1667,2026-04-01 14:23:43,0
1668,2026-04-01 14:24:03,0
1669,2026-04-01 14:24:22,0
1670,2026-04-01 14:24:42,0
1671,2026-04-01 14:25:02,0
1672,2026-04-01 14:25:22,0
1673,2026-04-01 14:25:41,0
1674,2026-04-01 14:26:01,0
1675,2026-04-01 14:26:21,0
1676,2026-04-01 14:26:41,0
1677,2026-04-01 14:27:00,0
1678,2026-04-01 14:27:20,0
1679,2026-04-01 14:27:40,0
1680,2026-04-01 14:28:00,0
1681,2026-04-01 14:28:19,0
1682,2026-04-01 14:28:39,0
1683,2026-04-01 14:28:59,0
1684,2026-04-01 14:29:19,0
1685,2026-04-01 14:29:38,0
1686,2026-04-01 14:29:58,0
1687,2026-04-01 14:30:18,0
1688,2026-04-01 14:30:38,0
1689,2026-04-01 14:30:57,0
1690,2026-04-01 14:31:17,0
1691,2026-04-01 14:31:37,0
1692,2026-04-01 14:31:57,0
1693,2026-04-01 14:32:16,0
1694,2026-04-01 14:32:36,0
1695,2026-04-01 14:32:56,0
1696,2026-04-01 14:33:16,0
1697,2026-04-01 14:33:35,0
1698,2026-04-01 14:33:55,0
1699,2026-04-01 14:34:15,0
1700,2026-04-01 14:34:35,0
1701,2026-04-01 14:34:54,0
1702,2026-04-01 14:35:14,0
1703,2026-04-01 14:35:34,0
1704,2026-04-01 14:35:54,0
1705,2026-04-01 14:36:13,0
1706,2026-04-01 14:36:33,0
1707,2026-04-01 14:36:53,0
1708,2026-04-01 14:37:13,0
1709,2026-04-01 14:37:32,0
1710,2026-04-01 14:37:52,0
1711,2026-04-01 14:38:12,0
1712,2026-04-01 14:38:32,0
1713,2026-04-01 14:38:51,0
1714,2026-04-01 14:39:11,0
1715,2026-04-01 14:39:31,0
1716,2026-04-01 14:39:51,0
1717,2026-04-01 14:40:10,0
1718,2026-04-01 14:40:30,0
1719,2026-04-01 14:40:50,0
1720,2026-04-01 14:41:10,0
1721,2026-04-01 14:41:29,0
1722,2026-04-01 14:41:49,0
1723,2026-04-01 14:42:09,0
1724,2026-04-01 14:42:29,0
1725,2026-04-01 14:42:48,0
1726,2026-04-01 14:43:08,0
1727,2026-04-01 14:43:28,0
1728,2026-04-01 14:43:48,0
1729,2026-04-01 14:44:07,0
1730,2026-04-01 14:44:27,0
1731,2026-04-01 14:44:47,0
1732,2026-04-01 14:45:07,0
1733,2026-04-01 14:45:26,0
1734,2026-04-01 14:45:46,0
1735,2026-04-01 14:46:06,0
1736,2026-04-01 14:46:26,0
1737,2026-04-01 14:46:45,0
1738,2026-04-01 14:47:05,0
1739,2026-04-01 14:47:25,0
1740,2026-04-01 14:47:45,0
1741,2026-04-01 14:48:04,0
1742,2026-04-01 14:48:24,0
1743,2026-04-01 14:48:44,0
1744,2026-04-01 14:49:04,0
1745,2026-04-01 14:49:23,0
1746,2026-04-01 14:49:43,0
1747,2026-04-01 14:50:03,0
1748,2026-04-01 14:50:23,0
1749,2026-04-01 14:50:42,0
1750,2026-04-01 14:51:02,0
1751,2026-04-01 14:51:22,0
1752,2026-04-01 14:51:42,0
1753,2026-04-01 14:52:01,0
1754,2026-04-01 14:52:21,0
1755,2026-04-01 14:52:41,0
1756,2026-04-01 14:53:01,0
1757,2026-04-01 14:53:20,0
1758,2026-04-01 14:53:40,0
1759,2026-04-01 14:54:00,0
1760,2026-04-01 14:54:20,0
1761,2026-04-01 14:54:39,0
1762,2026-04-01 14:54:59,0
1763,2026-04-01 14:55:19,0
1764,2026-04-01 14:55:39,0
1765,2026-04-01 14:55:58,0
1766,2026-04-01 14:56:18,0
1767,2026-04-01 14:56:38,0
1768,2026-04-01 14:56:58,0
1769,2026-04-01 14:57:17,0
1770,2026-04-01 14:57:37,0
1771,2026-04-01 14:57:57,0
1772,2026-04-01 14:58:17,0
1773,2026-04-01 14:58:36,0
1774,2026-04-01 14:58:56,0
1775,2026-04-01 14:59:16,0
1776,2026-04-01 14:59:36,0
1777,2026-04-01 14:59:55,0
1778,2026-04-01 15:00:15,0
1779,2026-04-01 15:00:35,0
1780,2026-04-01 15:00:55,0
1781,2026-04-01 15:01:14,0
1782,2026-04-01 15:01:34,0
1783,2026-04-01 15:01:54,0
1784,2026-04-01 15:02:14,0
1785,2026-04-01 15:02:33,0
1786,2026-04-01 15:02:53,0
1787,2026-04-01 15:03:13,0
1788,2026-04-01 15:03:33,0
1789,2026-04-01 15:03:52,0
1790,2026-04-01 15:04:12,0
1791,2026-04-01 15:04:32,0
1792,2026-04-01 15:04:52,0
1793,2026-04-01 15:05:11,0
1794,2026-04-01 15:05:31,0
1795,2026-04-01 15:05:51,0
1796,2026-04-01 15:06:11,0
1797,2026-04-01 15:06:30,0
1798,2026-04-01 15:06:50,0
1799,2026-04-01 15:07:10,0
1800,2026-04-01 15:07:30,0
1801,2026-04-01 15:07:49,0
1802,2026-04-01 15:08:09,0
1803,2026-04-01 15:08:29,0
1804,2026-04-01 15:08:49,0
1805,2026-04-01 15:09:08,0
1806,2026-04-01 15:09:28,0
1807,2026-04-01 15:09:48,0
1808,2026-04-01 15:10:08,0
1809,2026-04-01 15:10:27,0
1810,2026-04-01 15:10:47,0
1811,2026-04-01 15:11:07,0
1812,2026-04-01 15:11:27,0
1813,2026-04-01 15:11:46,0
1814,2026-04-01 15:12:06,0
1815,2026-04-01 15:12:26,0
1816,2026-04-01 15:12:46,0
1817,2026-04-01 15:13:05,0
1818,2026-04-01 15:13:25,0
1819,2026-04-01 15:13:45,0
1820,2026-04-01 15:14:05,0
1821,2026-04-01 15:14:24,0
1822,2026-04-01 15:14:44,0
1823,2026-04-01 15:15:04,0
1824,2026-04-01 15:15:24,0
1825,2026-04-01 15:15:43,0
1826,2026-04-01 15:16:03,0
1827,2026-04-01 15:16:23,0
1828,2026-04-01 15:16:43,0
1829,2026-04-01 15:17:02,0
1830,2026-04-01 15:17:22,0
1831,2026-04-01 15:17:42,0
1832,2026-04-01 15:18:02,0
1833,2026-04-01 15:18:21,0
1834,2026-04-01 15:18:41,0
1835,2026-04-01 15:19:01,0
1836,2026-04-01 15:19:21,0
1837,2026-04-01 15:19:40,0
1838,2026-04-01 15:20:00,0
1839,2026-04-01 15:20:20,0
1840,2026-04-01 15:20:40,0
1841,2026-04-01 15:20:59,0
1842,2026-04-01 15:21:19,0
1843,2026-04-01 15:21:39,0
1844,2026-04-01 15:21:59,0
1845,2026-04-01 15:22:18,0
1846,2026-04-01 15:22:38,0
1847,2026-04-01 15:22:58,0
1848,2026-04-01 15:23:18,0
1849,2026-04-01 15:23:37,0
1850,2026-04-01 15:23:57,0
1851,2026-04-01 15:24:17,0
1852,2026-04-01 15:24:37,0
1853,2026-04-01 15:24:56,0
1854,2026-04-01 15:25:16,0
1855,2026-04-01 15:25:36,0
1856,2026-04-01 15:25:56,0
1857,2026-04-01 15:26:15,0
1858,2026-04-01 15:26:35,0
1859,2026-04-01 15:26:55,0
1860,2026-04-01 15:27:15,0
1861,2026-04-01 15:27:34,0
1862,2026-04-01 15:27:54,0
1863,2026-04-01 15:28:14,0
1864,2026-04-01 15:28:34,0
1865,2026-04-01 15:28:53,0
1866,2026-04-01 15:29:13,0
1867,2026-04-01 15:29:33,0
1868,2026-04-01 15:29:53,0
1869,2026-04-01 15:30:12,0
1870,2026-04-01 15:30:32,0
1871,2026-04-01 15:30:52,0
1872,2026-04-01 15:31:12,0
1873,2026-04-01 15:31:31,0
1874,2026-04-01 15:31:51,0
1875,2026-04-01 15:32:11,0
1876,2026-04-01 15:32:31,0
1877,2026-04-01 15:32:50,0
1878,2026-04-01 15:33:10,0
1879,2026-04-01 15:33:30,0
1880,2026-04-01 15:33:50,0
1881,2026-04-01 15:34:09,0
1882,2026-04-01 15:34:29,0
1883,2026-04-01 15:34:49,0
1884,2026-04-01 15:35:09,0
1885,2026-04-01 15:35:28,0
1886,2026-04-01 15:35:48,0
1887,2026-04-01 15:36:08,0
1888,2026-04-01 15:36:28,0
1889,2026-04-01 15:36:47,0
1890,2026-04-01 15:37:07,0
1891,2026-04-01 15:37:27,0
1892,2026-04-01 15:37:47,0
1893,2026-04-01 15:38:06,0
1894,2026-04-01 15:38:26,0
1895,2026-04-01 15:38:46,0
1896,2026-04-01 15:39:06,0
1897,2026-04-01 15:39:25,0
1898,2026-04-01 15:39:45,0
1899,2026-04-01 15:40:05,0
1900,2026-04-01 15:40:25,0
1901,2026-04-01 15:40:44,0
1902,2026-04-01 15:41:04,0
1903,2026-04-01 15:41:24,0
1904,2026-04-01 15:41:44,0
1905,2026-04-01 15:42:03,0
1906,2026-04-01 15:42:23,0
1907,2026-04-01 15:42:43,0
1908,2026-04-01 15:43:03,0
1909,2026-04-01 15:43:22,0
1910,2026-04-01 15:43:42,0
1911,2026-04-01 15:44:02,0
1912,2026-04-01 15:44:22,0
1913,2026-04-01 15:44:41,0
1914,2026-04-01 15:45:01,0
1915,2026-04-01 15:45:21,0
1916,2026-04-01 15:45:41,0
1917,2026-04-01 15:46:00,0
1918,2026-04-01 15:46:20,0
1919,2026-04-01 15:46:40,0
1920,2026-04-01 15:47:00,0
1921,2026-04-01 15:47:19,0
1922,2026-04-01 15:47:39,0
1923,2026-04-01 15:47:59,0
1924,2026-04-01 15:48:19,0
1925,2026-04-01 15:48:38,0
1926,2026-04-01 15:48:58,0
1927,2026-04-01 15:49:18,0
1928,2026-04-01 15:49:38,0
1929,2026-04-01 15:49:57,0
1930,2026-04-01 15:50:17,0
1931,2026-04-01 15:50:37,0
1932,2026-04-01 15:50:57,0
1933,2026-04-01 15:51:16,0
1934,2026-04-01 15:51:36,0
1935,2026-04-01 15:51:56,0
1936,2026-04-01 15:52:16,0
1937,2026-04-01 15:52:35,0
1938,2026-04-01 15:52:55,0
1939,2026-04-01 15:53:15,0
1940,2026-04-01 15:53:35,0
1941,2026-04-01 15:53:54,0
1942,2026-04-01 15:54:14,0
1943,2026-04-01 15:54:34,0
1944,2026-04-01 15:54:54,0
1945,2026-04-01 15:55:13,0
1946,2026-04-01 15:55:33,0
1947,2026-04-01 15:55:53,0
1948,2026-04-01 15:56:13,0
1949,2026-04-01 15:56:32,0
1950,2026-04-01 15:56:52,0
1951,2026-04-01 15:57:12,0
1952,2026-04-01 15:57:32,0
1953,2026-04-01 15:57:51,0
1954,2026-04-01 15:58:11,0
1955,2026-04-01 15:58:31,0
1956,2026-04-01 15:58:51,0
1957,2026-04-01 15:59:10,0
1958,2026-04-01 15:59:30,0
1959,2026-04-01 15:59:50,0
1960,2026-04-01 16:00:10,0
1961,2026-04-01 16:00:29,0
1962,2026-04-01 16:00:49,0
1963,2026-04-01 16:01:09,0
1964,2026-04-01 16:01:29,0
1965,2026-04-01 16:01:48,0
1966,2026-04-01 16:02:08,0
1967,2026-04-01 16:02:28,0
1968,2026-04-01 16:02:48,0
1969,2026-04-01 16:03:07,0
1970,2026-04-01 16:03:27,0
1971,2026-04-01 16:03:47,0
1972,2026-04-01 16:04:07,0
1973,2026-04-01 16:04:26,0
1974,2026-04-01 16:04:46,0
1975,2026-04-01 16:05:06,0
1976,2026-04-01 16:05:26,0
1977,2026-04-01 16:05:45,0
1978,2026-04-01 16:06:05,0
1979,2026-04-01 16:06:25,0
1980,2026-04-01 16:06:45,0
1981,2026-04-01 16:07:04,0
1982,2026-04-01 16:07:24,0
1983,2026-04-01 16:07:44,0
1984,2026-04-01 16:08:04,0
1985,2026-04-01 16:08:23,0
1986,2026-04-01 16:08:43,0
1987,2026-04-01 16:09:03,0
1988,2026-04-01 16:09:23,0
1989,2026-04-01 16:09:42,0
1990,2026-04-01 16:10:02,0
1991,2026-04-01 16:10:22,0
1992,2026-04-01 16:10:42,0
1993,2026-04-01 16:11:01,0
1994,2026-04-01 16:11:21,0
1995,2026-04-01 16:11:41,0
1996,2026-04-01 16:12:01,0
1997,2026-04-01 16:12:20,0
1998,2026-04-01 16:12:40,0
1999,2026-04-01 16:13:00,0
2000,2026-04-01 16:13:20,0
2001,2026-04-01 16:13:39,0
2002,2026-04-01 16:13:59,0
2003,2026-04-01 16:14:19,0
2004,2026-04-01 16:14:39,0
2005,2026-04-01 16:14:58,0
2006,2026-04-01 16:15:18,0
2007,2026-04-01 16:15:38,0
2008,2026-04-01 16:15:58,0
2009,2026-04-01 16:16:17,0
2010,2026-04-01 16:16:37,0
2011,2026-04-01 16:16:57,0
2012,2026-04-01 16:17:17,0
2013,2026-04-01 16:17:36,0
2014,2026-04-01 16:17:56,0
2015,2026-04-01 16:18:16,0
2016,2026-04-01 16:18:36,0
2017,2026-04-01 16:18:55,0
2018,2026-04-01 16:19:15,0
2019,2026-04-01 16:19:35,0
2020,2026-04-01 16:19:55,0
2021,2026-04-01 16:20:14,0
2022,2026-04-01 16:20:34,0
2023,2026-04-01 16:20:54,0
2024,2026-04-01 16:21:14,0
2025,2026-04-01 16:21:33,0
2026,2026-04-01 16:21:53,0
2027,2026-04-01 16:22:13,0
2028,2026-04-01 16:22:33,0
2029,2026-04-01 16:22:52,0
2030,2026-04-01 16:23:12,0
2031,2026-04-01 16:23:32,0
2032,2026-04-01 16:23:52,0
2033,2026-04-01 16:24:11,0
2034,2026-04-01 16:24:31,0
2035,2026-04-01 16:24:51,0
2036,2026-04-01 16:25:11,0
2037,2026-04-01 16:25:30,0
2038,2026-04-01 16:25:50,0
2039,2026-04-01 16:26:10,0
2040,2026-04-01 16:26:30,0
2041,2026-04-01 16:26:49,0
2042,2026-04-01 16:27:09,0
2043,2026-04-01 16:27:29,0
2044,2026-04-01 16:27:49,0
2045,2026-04-01 16:28:08,0
2046,2026-04-01 16:28:28,0
2047,2026-04-01 16:28:48,0
2048,2026-04-01 16:29:08,0
2049,2026-04-01 16:29:27,0
2050,2026-04-01 16:29:47,0
2051,2026-04-01 16:30:07,0
2052,2026-04-01 16:30:27,0
2053,2026-04-01 16:30:46,0
2054,2026-04-01 16:31:06,0
2055,2026-04-01 16:31:26,0
2056,2026-04-01 16:31:46,0
2057,2026-04-01 16:32:05,0
2058,2026-04-01 16:32:25,0
2059,2026-04-01 16:32:45,0
2060,2026-04-01 16:33:05,0
2061,2026-04-01 16:33:24,0
2062,2026-04-01 16:33:44,0
2063,2026-04-01 16:34:04,0
2064,2026-04-01 16:34:24,0
2065,2026-04-01 16:34:43,0
2066,2026-04-01 16:35:03,0
2067,2026-04-01 16:35:23,0
2068,2026-04-01 16:35:43,0
2069,2026-04-01 16:36:02,0
2070,2026-04-01 16:36:22,0
2071,2026-04-01 16:36:42,0
2072,2026-04-01 16:37:02,0
2073,2026-04-01 16:37:21,0
2074,2026-04-01 16:37:41,0
2075,2026-04-01 16:38:01,0
2076,2026-04-01 16:38:21,0
2077,2026-04-01 16:38:40,0
2078,2026-04-01 16:39:00,0
2079,2026-04-01 16:39:20,0
2080,2026-04-01 16:39:40,0
2081,2026-04-01 16:39:59,0
2082,2026-04-01 16:40:19,0
2083,2026-04-01 16:40:39,0
2084,2026-04-01 16:40:59,0
2085,2026-04-01 16:41:18,0
2086,2026-04-01 16:41:38,0
2087,2026-04-01 16:41:58,0
2088,2026-04-01 16:42:18,0
2089,2026-04-01 16:42:37,0
2090,2026-04-01 16:42:57,0
2091,2026-04-01 16:43:17,0
2092,2026-04-01 16:43:37,0
2093,2026-04-01 16:43:56,0
2094,2026-04-01 16:44:16,0
2095,2026-04-01 16:44:36,0
2096,2026-04-01 16:44:56,0
2097,2026-04-01 16:45:15,0
2098,2026-04-01 16:45:35,0
2099,2026-04-01 16:45:55,0
2100,2026-04-01 16:46:15,0
2101,2026-04-01 16:46:34,0
2102,2026-04-01 16:46:54,0
2103,2026-04-01 16:47:14,0
2104,2026-04-01 16:47:34,0
2105,2026-04-01 16:47:53,0
2106,2026-04-01 16:48:13,0
2107,2026-04-01 16:48:33,0
2108,2026-04-01 16:48:53,0
2109,2026-04-01 16:49:12,0
2110,2026-04-01 16:49:32,0
2111,2026-04-01 16:49:52,0
2112,2026-04-01 16:50:12,0
2113,2026-04-01 16:50:31,0
2114,2026-04-01 16:50:51,0
2115,2026-04-01 16:51:11,0
2116,2026-04-01 16:51:31,0
2117,2026-04-01 16:51:50,0
2118,2026-04-01 16:52:10,0
2119,2026-04-01 16:52:30,0
2120,2026-04-01 16:52:50,0
2121,2026-04-01 16:53:09,0
2122,2026-04-01 16:53:29,0
2123,2026-04-01 16:53:49,0
2124,2026-04-01 16:54:09,0
2125,2026-04-01 16:54:28,0
2126,2026-04-01 16:54:48,0
2127,2026-04-01 16:55:08,0
2128,2026-04-01 16:55:28,0
2129,2026-04-01 16:55:47,0
2130,2026-04-01 16:56:07,0
2131,2026-04-01 16:56:27,0
2132,2026-04-01 16:56:47,0
2133,2026-04-01 16:57:06,0
2134,2026-04-01 16:57:26,0
2135,2026-04-01 16:57:46,0
2136,2026-04-01 16:58:06,0
2137,2026-04-01 16:58:25,0
2138,2026-04-01 16:58:45,0
2139,2026-04-01 16:59:05,0
2140,2026-04-01 16:59:25,0
2141,2026-04-01 16:59:44,0
2142,2026-04-01 17:00:04,0
2143,2026-04-01 17:00:24,0
2144,2026-04-01 17:00:44,0
2145,2026-04-01 17:01:03,0
2146,2026-04-01 17:01:23,0
2147,2026-04-01 17:01:43,0
2148,2026-04-01 17:02:03,0
2149,2026-04-01 17:02:22,0
2150,2026-04-01 17:02:42,0
2151,2026-04-01 17:03:02,0
2152,2026-04-01 17:03:22,0
2153,2026-04-01 17:03:41,0
2154,2026-04-01 17:04:01,0
2155,2026-04-01 17:04:21,0
2156,2026-04-01 17:04:41,0
2157,2026-04-01 17:05:00,0
2158,2026-04-01 17:05:20,0
2159,2026-04-01 17:05:40,0
2160,2026-04-01 17:06:00,0
2161,2026-04-01 17:06:19,0
2162,2026-04-01 17:06:39,0
2163,2026-04-01 17:06:59,0
2164,2026-04-01 17:07:19,0
2165,2026-04-01 17:07:38,0
2166,2026-04-01 17:07:58,0
2167,2026-04-01 17:08:18,0
2168,2026-04-01 17:08:38,0
2169,2026-04-01 17:08:57,0
2170,2026-04-01 17:09:17,0
2171,2026-04-01 17:09:37,0
2172,2026-04-01 17:09:57,0
2173,2026-04-01 17:10:16,0
2174,2026-04-01 17:10:36,0
2175,2026-04-01 17:10:56,0
2176,2026-04-01 17:11:16,0
2177,2026-04-01 17:11:35,0
2178,2026-04-01 17:11:55,0
2179,2026-04-01 17:12:15,0
2180,2026-04-01 17:12:35,0
2181,2026-04-01 17:12:54,0
2182,2026-04-01 17:13:14,0
2183,2026-04-01 17:13:34,0
2184,2026-04-01 17:13:54,0
2185,2026-04-01 17:14:13,0
2186,2026-04-01 17:14:33,0
2187,2026-04-01 17:14:53,0
2188,2026-04-01 17:15:13,0
2189,2026-04-01 17:15:32,0
2190,2026-04-01 17:15:52,0
2191,2026-04-01 17:16:12,0
2192,2026-04-01 17:16:32,0
2193,2026-04-01 17:16:51,0
2194,2026-04-01 17:17:11,0
2195,2026-04-01 17:17:31,0
2196,2026-04-01 17:17:51,0
2197,2026-04-01 17:18:10,0
2198,2026-04-01 17:18:30,0
2199,2026-04-01 17:18:50,0
2200,2026-04-01 17:19:10,0
2201,2026-04-01 17:19:29,0
2202,2026-04-01 17:19:49,0
2203,2026-04-01 17:20:09,0
2204,2026-04-01 17:20:29,0
2205,2026-04-01 17:20:48,0
2206,2026-04-01 17:21:08,0
2207,2026-04-01 17:21:28,0
2208,2026-04-01 17:21:48,0
2209,2026-04-01 17:22:07,0
2210,2026-04-01 17:22:27,0
2211,2026-04-01 17:22:47,0
2212,2026-04-01 17:23:07,0
2213,2026-04-01 17:23:26,0
2214,2026-04-01 17:23:46,0
2215,2026-04-01 17:24:06,0
2216,2026-04-01 17:24:26,0
2217,2026-04-01 17:24:45,0
2218,2026-04-01 17:25:05,0
2219,2026-04-01 17:25:25,0
2220,2026-04-01 17:25:45,0
2221,2026-04-01 17:26:04,0
2222,2026-04-01 17:26:24,0
2223,2026-04-01 17:26:44,0
2224,2026-04-01 17:27:04,0
2225,2026-04-01 17:27:23,0
2226,2026-04-01 17:27:43,0
2227,2026-04-01 17:28:03,0
2228,2026-04-01 17:28:23,0
2229,2026-04-01 17:28:42,0
2230,2026-04-01 17:29:02,0
2231,2026-04-01 17:29:22,0
2232,2026-04-01 17:29:42,0
2233,2026-04-01 17:30:01,0
2234,2026-04-01 17:30:21,0
2235,2026-04-01 17:30:41,0
2236,2026-04-01 17:31:01,0
2237,2026-04-01 17:31:20,0
2238,2026-04-01 17:31:40,0
2239,2026-04-01 17:32:00,0
2240,2026-04-01 17:32:20,0
2241,2026-04-01 17:32:39,0
2242,2026-04-01 17:32:59,0
2243,2026-04-01 17:33:19,0
2244,2026-04-01 17:33:39,0
2245,2026-04-01 17:33:58,0
2246,2026-04-01 17:34:18,0
2247,2026-04-01 17:34:38,0
2248,2026-04-01 17:34:58,0
2249,2026-04-01 17:35:17,0
2250,2026-04-01 17:35:37,0
2251,2026-04-01 17:35:57,0
2252,2026-04-01 17:36:17,0
2253,2026-04-01 17:36:36,0
2254,2026-04-01 17:36:56,0
2255,2026-04-01 17:37:16,0
2256,2026-04-01 17:37:36,0
2257,2026-04-01 17:37:55,0
2258,2026-04-01 17:38:15,0
2259,2026-04-01 17:38:35,0
2260,2026-04-01 17:38:55,0
2261,2026-04-01 17:39:14,0
2262,2026-04-01 17:39:34,0
2263,2026-04-01 17:39:54,0
2264,2026-04-01 17:40:14,0
2265,2026-04-01 17:40:33,0
2266,2026-04-01 17:40:53,0
2267,2026-04-01 17:41:13,0
2268,2026-04-01 17:41:33,0
2269,2026-04-01 17:41:52,0
2270,2026-04-01 17:42:12,0
2271,2026-04-01 17:42:32,0
2272,2026-04-01 17:42:52,0
2273,2026-04-01 17:43:11,0
2274,2026-04-01 17:43:31,0
2275,2026-04-01 17:43:51,0
2276,2026-04-01 17:44:11,0
2277,2026-04-01 17:44:30,0
2278,2026-04-01 17:44:50,0
2279,2026-04-01 17:45:10,0
2280,2026-04-01 17:45:30,0
2281,2026-04-01 17:45:49,0
2282,2026-04-01 17:46:09,0
2283,2026-04-01 17:46:29,0
2284,2026-04-01 17:46:49,0
2285,2026-04-01 17:47:08,0
2286,2026-04-01 17:47:28,0
2287,2026-04-01 17:47:48,0
2288,2026-04-01 17:48:08,0
2289,2026-04-01 17:48:27,0
2290,2026-04-01 17:48:47,0
2291,2026-04-01 17:49:07,0
2292,2026-04-01 17:49:27,0
2293,2026-04-01 17:49:46,0
2294,2026-04-01 17:50:06,0
2295,2026-04-01 17:50:26,0
2296,2026-04-01 17:50:46,0
2297,2026-04-01 17:51:05,0
2298,2026-04-01 17:51:25,0
2299,2026-04-01 17:51:45,0
2300,2026-04-01 17:52:05,0
2301,2026-04-01 17:52:24,0
2302,2026-04-01 17:52:44,0
2303,2026-04-01 17:53:04,0
2304,2026-04-01 17:53:24,0
2305,2026-04-01 17:53:43,0
2306,2026-04-01 17:54:03,0
2307,2026-04-01 17:54:23,0
2308,2026-04-01 17:54:43,0
2309,2026-04-01 17:55:02,0
2310,2026-04-01 17:55:22,0
2311,2026-04-01 17:55:42,0
2312,2026-04-01 17:56:02,0
2313,2026-04-01 17:56:21,0
2314,2026-04-01 17:56:41,0
2315,2026-04-01 17:57:01,0
2316,2026-04-01 17:57:21,0
2317,2026-04-01 17:57:40,0
2318,2026-04-01 17:58:00,0
2319,2026-04-01 17:58:20,0
2320,2026-04-01 17:58:40,0
2321,2026-04-01 17:58:59,0
2322,2026-04-01 17:59:19,0
2323,2026-04-01 17:59:39,0
2324,2026-04-01 17:59:59,0
2325,2026-04-01 18:00:18,0
2326,2026-04-01 18:00:38,0
2327,2026-04-01 18:00:58,0
2328,2026-04-01 18:01:18,0
2329,2026-04-01 18:01:37,0
2330,2026-04-01 18:01:57,0
2331,2026-04-01 18:02:17,0
2332,2026-04-01 18:02:37,0
2333,2026-04-01 18:02:56,0
2334,2026-04-01 18:03:16,0
2335,2026-04-01 18:03:36,0
2336,2026-04-01 18:03:56,0
2337,2026-04-01 18:04:15,0
2338,2026-04-01 18:04:35,0
2339,2026-04-01 18:04:55,0
2340,2026-04-01 18:05:15,0
2341,2026-04-01 18:05:34,0
2342,2026-04-01 18:05:54,0
2343,2026-04-01 18:06:14,0
2344,2026-04-01 18:06:34,0
2345,2026-04-01 18:06:53,0
2346,2026-04-01 18:07:13,0
2347,2026-04-01 18:07:33,0
2348,2026-04-01 18:07:53,0
2349,2026-04-01 18:08:12,0
2350,2026-04-01 18:08:32,0
2351,2026-04-01 18:08:52,0
2352,2026-04-01 18:09:12,0
2353,2026-04-01 18:09:31,0
2354,2026-04-01 18:09:51,0
2355,2026-04-01 18:10:11,0
2356,2026-04-01 18:10:31,0
2357,2026-04-01 18:10:50,0
2358,2026-04-01 18:11:10,0
2359,2026-04-01 18:11:30,0
2360,2026-04-01 18:11:50,0
2361,2026-04-01 18:12:09,0
2362,2026-04-01 18:12:29,0
2363,2026-04-01 18:12:49,0
2364,2026-04-01 18:13:09,0
2365,2026-04-01 18:13:28,0
2366,2026-04-01 18:13:48,0
2367,2026-04-01 18:14:08,0
2368,2026-04-01 18:14:28,0
2369,2026-04-01 18:14:47,0
2370,2026-04-01 18:15:07,0
2371,2026-04-01 18:15:27,0
2372,2026-04-01 18:15:47,0
2373,2026-04-01 18:16:06,0
2374,2026-04-01 18:16:26,0
2375,2026-04-01 18:16:46,0
2376,2026-04-01 18:17:06,0
2377,2026-04-01 18:17:25,0
2378,2026-04-01 18:17:45,0
2379,2026-04-01 18:18:05,0
2380,2026-04-01 18:18:25,0
2381,2026-04-01 18:18:44,0
2382,2026-04-01 18:19:04,0
2383,2026-04-01 18:19:24,0
2384,2026-04-01 18:19:44,0
2385,2026-04-01 18:20:03,0
2386,2026-04-01 18:20:23,0
2387,2026-04-01 18:20:43,0
2388,2026-04-01 18:21:03,0
2389,2026-04-01 18:21:22,0
2390,2026-04-01 18:21:42,0
2391,2026-04-01 18:22:02,0
2392,2026-04-01 18:22:22,0
2393,2026-04-01 18:22:41,0
2394,2026-04-01 18:23:01,0
2395,2026-04-01 18:23:21,0
2396,2026-04-01 18:23:41,0
2397,2026-04-01 18:24:00,0
2398,2026-04-01 18:24:20,0
2399,2026-04-01 18:24:40,0
2400,2026-04-01 18:25:00,0
2401,2026-04-01 18:25:19,0
2402,2026-04-01 18:25:39,0
2403,2026-04-01 18:25:59,0
2404,2026-04-01 18:26:19,0
2405,2026-04-01 18:26:38,0
2406,2026-04-01 18:26:58,0
2407,2026-04-01 18:27:18,0
2408,2026-04-01 18:27:38,0
2409,2026-04-01 18:27:57,0
2410,2026-04-01 18:28:17,0
2411,2026-04-01 18:28:37,0
2412,2026-04-01 18:28:57,0
2413,2026-04-01 18:29:16,0
2414,2026-04-01 18:29:36,0
2415,2026-04-01 18:29:56,0
2416,2026-04-01 18:30:16,0
2417,2026-04-01 18:30:35,0
2418,2026-04-01 18:30:55,0
2419,2026-04-01 18:31:15,0
2420,2026-04-01 18:31:35,0
2421,2026-04-01 18:31:54,0
2422,2026-04-01 18:32:14,0
2423,2026-04-01 18:32:34,0
2424,2026-04-01 18:32:54,0
2425,2026-04-01 18:33:13,0
2426,2026-04-01 18:33:33,0
2427,2026-04-01 18:33:53,0
2428,2026-04-01 18:34:13,0
2429,2026-04-01 18:34:32,0
2430,2026-04-01 18:34:52,0
2431,2026-04-01 18:35:12,0
2432,2026-04-01 18:35:32,0
2433,2026-04-01 18:35:51,0
2434,2026-04-01 18:36:11,0
2435,2026-04-01 18:36:31,0
2436,2026-04-01 18:36:51,0
2437,2026-04-01 18:37:10,0
2438,2026-04-01 18:37:30,0
2439,2026-04-01 18:37:50,0
2440,2026-04-01 18:38:10,0
2441,2026-04-01 18:38:29,0
2442,2026-04-01 18:38:49,0
2443,2026-04-01 18:39:09,0
2444,2026-04-01 18:39:29,0
2445,2026-04-01 18:39:48,0
2446,2026-04-01 18:40:08,0
2447,2026-04-01 18:40:28,0
2448,2026-04-01 18:40:48,0
2449,2026-04-01 18:41:07,0
2450,2026-04-01 18:41:27,0
2451,2026-04-01 18:41:47,0
2452,2026-04-01 18:42:07,0
2453,2026-04-01 18:42:26,0
2454,2026-04-01 18:42:46,0
2455,2026-04-01 18:43:06,0
2456,2026-04-01 18:43:26,0
2457,2026-04-01 18:43:45,0
2458,2026-04-01 18:44:05,0
2459,2026-04-01 18:44:25,0
2460,2026-04-01 18:44:45,0
2461,2026-04-01 18:45:04,0
2462,2026-04-01 18:45:24,0
2463,2026-04-01 18:45:44,0
2464,2026-04-01 18:46:04,0
2465,2026-04-01 18:46:23,0
2466,2026-04-01 18:46:43,0
2467,2026-04-01 18:47:03,0
2468,2026-04-01 18:47:23,0
2469,2026-04-01 18:47:42,0
2470,2026-04-01 18:48:02,0
2471,2026-04-01 18:48:22,0
2472,2026-04-01 18:48:42,0
2473,2026-04-01 18:49:01,0
2474,2026-04-01 18:49:21,0
2475,2026-04-01 18:49:41,0
2476,2026-04-01 18:50:01,0
2477,2026-04-01 18:50:20,0
2478,2026-04-01 18:50:40,0
2479,2026-04-01 18:51:00,0
2480,2026-04-01 18:51:20,0
2481,2026-04-01 18:51:39,0
2482,2026-04-01 18:51:59,0
2483,2026-04-01 18:52:19,0
2484,2026-04-01 18:52:39,0
2485,2026-04-01 18:52:58,0
2486,2026-04-01 18:53:18,0
2487,2026-04-01 18:53:38,0
2488,2026-04-01 18:53:58,0
2489,2026-04-01 18:54:17,0
2490,2026-04-01 18:54:37,0
2491,2026-04-01 18:54:57,0
2492,2026-04-01 18:55:17,0
2493,2026-04-01 18:55:36,0
2494,2026-04-01 18:55:56,0
2495,2026-04-01 18:56:16,0
2496,2026-04-01 18:56:36,0
2497,2026-04-01 18:56:55,0
2498,2026-04-01 18:57:15,0
2499,2026-04-01 18:57:35,0
2500,2026-04-01 18:57:55,0
2501,2026-04-01 18:58:14,0
2502,2026-04-01 18:58:34,0
2503,2026-04-01 18:58:54,0
2504,2026-04-01 18:59:14,0
2505,2026-04-01 18:59:33,0
2506,2026-04-01 18:59:53,0
2507,2026-04-01 19:00:13,0
2508,2026-04-01 19:00:33,0
2509,2026-04-01 19:00:52,0
2510,2026-04-01 19:01:12,0
2511,2026-04-01 19:01:32,0
2512,2026-04-01 19:01:52,0
2513,2026-04-01 19:02:11,0
2514,2026-04-01 19:02:31,0
2515,2026-04-01 19:02:51,0
2516,2026-04-01 19:03:11,0
2517,2026-04-01 19:03:30,0
2518,2026-04-01 19:03:50,0
2519,2026-04-01 19:04:10,0
2520,2026-04-01 19:04:30,0
2521,2026-04-01 19:04:49,0
2522,2026-04-01 19:05:09,0
2523,2026-04-01 19:05:29,0
2524,2026-04-01 19:05:49,0
2525,2026-04-01 19:06:08,0
2526,2026-04-01 19:06:28,0
2527,2026-04-01 19:06:48,0
2528,2026-04-01 19:07:08,0
2529,2026-04-01 19:07:27,0
2530,2026-04-01 19:07:47,0
2531,2026-04-01 19:08:07,0
2532,2026-04-01 19:08:27,0
2533,2026-04-01 19:08:46,0
2534,2026-04-01 19:09:06,0
2535,2026-04-01 19:09:26,0
2536,2026-04-01 19:09:46,0
2537,2026-04-01 19:10:05,0
2538,2026-04-01 19:10:25,0
2539,2026-04-01 19:10:45,0
2540,2026-04-01 19:11:05,0
2541,2026-04-01 19:11:24,0
2542,2026-04-01 19:11:44,0
2543,2026-04-01 19:12:04,0
2544,2026-04-01 19:12:24,0
2545,2026-04-01 19:12:43,0
2546,2026-04-01 19:13:03,0
2547,2026-04-01 19:13:23,0
2548,2026-04-01 19:13:43,0
2549,2026-04-01 19:14:02,0
2550,2026-04-01 19:14:22,0
2551,2026-04-01 19:14:42,0
2552,2026-04-01 19:15:02,0
2553,2026-04-01 19:15:21,0
2554,2026-04-01 19:15:41,0
2555,2026-04-01 19:16:01,0
2556,2026-04-01 19:16:21,0
2557,2026-04-01 19:16:40,0
2558,2026-04-01 19:17:00,0
2559,2026-04-01 19:17:20,0
2560,2026-04-01 19:17:40,0
2561,2026-04-01 19:17:59,0
2562,2026-04-01 19:18:19,0
2563,2026-04-01 19:18:39,0
2564,2026-04-01 19:18:59,0
2565,2026-04-01 19:19:18,0
2566,2026-04-01 19:19:38,0
2567,2026-04-01 19:19:58,0
2568,2026-04-01 19:20:18,0
2569,2026-04-01 19:20:37,0
2570,2026-04-01 19:20:57,0
2571,2026-04-01 19:21:17,0
2572,2026-04-01 19:21:37,0
2573,2026-04-01 19:21:56,0
2574,2026-04-01 19:22:16,0
2575,2026-04-01 19:22:36,0
2576,2026-04-01 19:22:56,0
2577,2026-04-01 19:23:15,0
2578,2026-04-01 19:23:35,0
2579,2026-04-01 19:23:55,0
2580,2026-04-01 19:24:15,0
2581,2026-04-01 19:24:34,0
2582,2026-04-01 19:24:54,0
2583,2026-04-01 19:25:14,0
2584,2026-04-01 19:25:34,0
2585,2026-04-01 19:25:53,0
2586,2026-04-01 19:26:13,0
2587,2026-04-01 19:26:33,0
2588,2026-04-01 19:26:53,0
2589,2026-04-01 19:27:12,0
2590,2026-04-01 19:27:32,0
2591,2026-04-01 19:27:52,0
2592,2026-04-01 19:28:12,0
2593,2026-04-01 19:28:31,0
2594,2026-04-01 19:28:51,0
2595,2026-04-01 19:29:11,0
2596,2026-04-01 19:29:31,0
2597,2026-04-01 19:29:50,0
2598,2026-04-01 19:30:10,0
2599,2026-04-01 19:30:30,0
2600,2026-04-01 19:30:50,0
2601,2026-04-01 19:31:09,0
2602,2026-04-01 19:31:29,0
2603,2026-04-01 19:31:49,0
2604,2026-04-01 19:32:09,0
2605,2026-04-01 19:32:28,0
2606,2026-04-01 19:32:48,0
2607,2026-04-01 19:33:08,0
2608,2026-04-01 19:33:28,0
2609,2026-04-01 19:33:47,0
2610,2026-04-01 19:34:07,0
2611,2026-04-01 19:34:27,0
2612,2026-04-01 19:34:47,0
2613,2026-04-01 19:35:06,0
2614,2026-04-01 19:35:26,0
2615,2026-04-01 19:35:46,0
2616,2026-04-01 19:36:06,0
2617,2026-04-01 19:36:25,0
2618,2026-04-01 19:36:45,0
2619,2026-04-01 19:37:05,0
2620,2026-04-01 19:37:25,0
2621,2026-04-01 19:37:44,0
2622,2026-04-01 19:38:04,0
2623,2026-04-01 19:38:24,0
2624,2026-04-01 19:38:44,0
2625,2026-04-01 19:39:03,0
2626,2026-04-01 19:39:23,0
2627,2026-04-01 19:39:43,0
2628,2026-04-01 19:40:03,0
2629,2026-04-01 19:40:22,0
2630,2026-04-01 19:40:42,0
2631,2026-04-01 19:41:02,0
2632,2026-04-01 19:41:22,0
2633,2026-04-01 19:41:41,0
2634,2026-04-01 19:42:01,0
2635,2026-04-01 19:42:21,0
2636,2026-04-01 19:42:41,0
2637,2026-04-01 19:43:00,0
2638,2026-04-01 19:43:20,0
2639,2026-04-01 19:43:40,0
2640,2026-04-01 19:44:00,0
2641,2026-04-01 19:44:19,0
2642,2026-04-01 19:44:39,0
2643,2026-04-01 19:44:59,0
2644,2026-04-01 19:45:19,0
2645,2026-04-01 19:45:38,0
2646,2026-04-01 19:45:58,0
2647,2026-04-01 19:46:18,0
2648,2026-04-01 19:46:38,0
2649,2026-04-01 19:46:57,0
2650,2026-04-01 19:47:17,0
2651,2026-04-01 19:47:37,0
2652,2026-04-01 19:47:57,0
2653,2026-04-01 19:48:16,0
2654,2026-04-01 19:48:36,0
2655,2026-04-01 19:48:56,0
2656,2026-04-01 19:49:16,0
2657,2026-04-01 19:49:35,0
2658,2026-04-01 19:49:55,0
2659,2026-04-01 19:50:15,0
2660,2026-04-01 19:50:35,0
2661,2026-04-01 19:50:54,0
2662,2026-04-01 19:51:14,0
2663,2026-04-01 19:51:34,0
2664,2026-04-01 19:51:54,0
2665,2026-04-01 19:52:13,0
2666,2026-04-01 19:52:33,0
2667,2026-04-01 19:52:53,0
2668,2026-04-01 19:53:13,0
2669,2026-04-01 19:53:32,0
2670,2026-04-01 19:53:52,0
2671,2026-04-01 19:54:12,0
2672,2026-04-01 19:54:32,0
2673,2026-04-01 19:54:51,0
2674,2026-04-01 19:55:11,0
2675,2026-04-01 19:55:31,0
2676,2026-04-01 19:55:51,0
2677,2026-04-01 19:56:10,0
2678,2026-04-01 19:56:30,0
2679,2026-04-01 19:56:50,0
2680,2026-04-01 19:57:10,0
2681,2026-04-01 19:57:29,0
2682,2026-04-01 19:57:49,0
2683,2026-04-01 19:58:09,0
2684,2026-04-01 19:58:29,0
2685,2026-04-01 19:58:48,0
2686,2026-04-01 19:59:08,0
2687,2026-04-01 19:59:28,0
2688,2026-04-01 19:59:48,0
2689,2026-04-01 20:00:07,0
2690,2026-04-01 20:00:27,0
2691,2026-04-01 20:00:47,0
2692,2026-04-01 20:01:07,0
2693,2026-04-01 20:01:26,0
2694,2026-04-01 20:01:46,0
2695,2026-04-01 20:02:06,0
2696,2026-04-01 20:02:26,0
2697,2026-04-01 20:02:45,0
2698,2026-04-01 20:03:05,0
2699,2026-04-01 20:03:25,0
2700,2026-04-01 20:03:45,0
2701,2026-04-01 20:04:04,0
2702,2026-04-01 20:04:24,0
2703,2026-04-01 20:04:44,0
2704,2026-04-01 20:05:04,0
2705,2026-04-01 20:05:23,0
2706,2026-04-01 20:05:43,0
2707,2026-04-01 20:06:03,0
2708,2026-04-01 20:06:23,0
2709,2026-04-01 20:06:42,0
2710,2026-04-01 20:07:02,0
2711,2026-04-01 20:07:22,0
2712,2026-04-01 20:07:42,0
2713,2026-04-01 20:08:01,0
2714,2026-04-01 20:08:21,0
2715,2026-04-01 20:08:41,0
2716,2026-04-01 20:09:01,0
2717,2026-04-01 20:09:20,0
2718,2026-04-01 20:09:40,0
2719,2026-04-01 20:10:00,0
2720,2026-04-01 20:10:20,0
2721,2026-04-01 20:10:39,0
2722,2026-04-01 20:10:59,0
2723,2026-04-01 20:11:19,0
2724,2026-04-01 20:11:39,0
2725,2026-04-01 20:11:58,0
2726,2026-04-01 20:12:18,0
2727,2026-04-01 20:12:38,0
2728,2026-04-01 20:12:58,0
2729,2026-04-01 20:13:17,0
2730,2026-04-01 20:13:37,0
2731,2026-04-01 20:13:57,0
2732,2026-04-01 20:14:17,0
2733,2026-04-01 20:14:36,0
2734,2026-04-01 20:14:56,0
2735,2026-04-01 20:15:16,0
2736,2026-04-01 20:15:36,0
2737,2026-04-01 20:15:55,0
2738,2026-04-01 20:16:15,0
2739,2026-04-01 20:16:35,0
2740,2026-04-01 20:16:55,0
2741,2026-04-01 20:17:14,0
2742,2026-04-01 20:17:34,0
2743,2026-04-01 20:17:54,0
2744,2026-04-01 20:18:14,0
2745,2026-04-01 20:18:33,0
2746,2026-04-01 20:18:53,0
2747,2026-04-01 20:19:13,0
2748,2026-04-01 20:19:33,0
2749,2026-04-01 20:19:52,0
2750,2026-04-01 20:20:12,0
2751,2026-04-01 20:20:32,0
2752,2026-04-01 20:20:52,0
2753,2026-04-01 20:21:11,0
2754,2026-04-01 20:21:31,0
2755,2026-04-01 20:21:51,0
2756,2026-04-01 20:22:11,0
2757,2026-04-01 20:22:30,0
2758,2026-04-01 20:22:50,0
2759,2026-04-01 20:23:10,0
2760,2026-04-01 20:23:30,0
2761,2026-04-01 20:23:49,0
2762,2026-04-01 20:24:09,0
2763,2026-04-01 20:24:29,0
2764,2026-04-01 20:24:49,0
2765,2026-04-01 20:25:08,0
2766,2026-04-01 20:25:28,0
2767,2026-04-01 20:25:48,0
2768,2026-04-01 20:26:08,0
2769,2026-04-01 20:26:27,0
2770,2026-04-01 20:26:47,0
2771,2026-04-01 20:27:07,0
2772,2026-04-01 20:27:27,0
2773,2026-04-01 20:27:46,0
2774,2026-04-01 20:28:06,0
2775,2026-04-01 20:28:26,0
2776,2026-04-01 20:28:46,0
2777,2026-04-01 20:29:05,0
2778,2026-04-01 20:29:25,0
2779,2026-04-01 20:29:45,0
2780,2026-04-01 20:30:05,0
2781,2026-04-01 20:30:24,0
2782,2026-04-01 20:30:44,0
2783,2026-04-01 20:31:04,0
2784,2026-04-01 20:31:24,0
2785,2026-04-01 20:31:43,0
2786,2026-04-01 20:32:03,0
2787,2026-04-01 20:32:23,0
2788,2026-04-01 20:32:43,0
2789,2026-04-01 20:33:02,0
2790,2026-04-01 20:33:22,0
2791,2026-04-01 20:33:42,0
2792,2026-04-01 20:34:02,0
2793,2026-04-01 20:34:21,0
2794,2026-04-01 20:34:41,0
2795,2026-04-01 20:35:01,0
2796,2026-04-01 20:35:21,0
2797,2026-04-01 20:35:40,0
2798,2026-04-01 20:36:00,0
2799,2026-04-01 20:36:20,0
2800,2026-04-01 20:36:40,0
2801,2026-04-01 20:36:59,0
2802,2026-04-01 20:37:19,0
2803,2026-04-01 20:37:39,0
2804,2026-04-01 20:37:59,0
2805,2026-04-01 20:38:18,0
2806,2026-04-01 20:38:38,0
2807,2026-04-01 20:38:58,0
2808,2026-04-01 20:39:18,0
2809,2026-04-01 20:39:37,0
2810,2026-04-01 20:39:57,0
2811,2026-04-01 20:40:17,0
2812,2026-04-01 20:40:37,0
2813,2026-04-01 20:40:56,0
2814,2026-04-01 20:41:16,0
2815,2026-04-01 20:41:36,0
2816,2026-04-01 20:41:56,0
2817,2026-04-01 20:42:15,0
2818,2026-04-01 20:42:35,0
2819,2026-04-01 20:42:55,0
2820,2026-04-01 20:43:15,0
2821,2026-04-01 20:43:34,0
2822,2026-04-01 20:43:54,0
2823,2026-04-01 20:44:14,0
2824,2026-04-01 20:44:34,0
2825,2026-04-01 20:44:53,0
2826,2026-04-01 20:45:13,0
2827,2026-04-01 20:45:33,0
2828,2026-04-01 20:45:53,0
2829,2026-04-01 20:46:12,0
2830,2026-04-01 20:46:32,0
2831,2026-04-01 20:46:52,0
2832,2026-04-01 20:47:12,0
2833,2026-04-01 20:47:31,0
2834,2026-04-01 20:47:51,0
2835,2026-04-01 20:48:11,0
2836,2026-04-01 20:48:31,0
2837,2026-04-01 20:48:50,0
2838,2026-04-01 20:49:10,0
2839,2026-04-01 20:49:30,0
2840,2026-04-01 20:49:50,0
2841,2026-04-01 20:50:09,0
2842,2026-04-01 20:50:29,0
2843,2026-04-01 20:50:49,0
2844,2026-04-01 20:51:09,0
2845,2026-04-01 20:51:28,0
2846,2026-04-01 20:51:48,0
2847,2026-04-01 20:52:08,0
2848,2026-04-01 20:52:28,0
2849,2026-04-01 20:52:47,0
2850,2026-04-01 20:53:07,0
2851,2026-04-01 20:53:27,0
2852,2026-04-01 20:53:47,0
2853,2026-04-01 20:54:06,0
2854,2026-04-01 20:54:26,0
2855,2026-04-01 20:54:46,0
2856,2026-04-01 20:55:06,0
2857,2026-04-01 20:55:25,0
2858,2026-04-01 20:55:45,0
2859,2026-04-01 20:56:05,0
2860,2026-04-01 20:56:25,0
2861,2026-04-01 20:56:44,0
2862,2026-04-01 20:57:04,0
2863,2026-04-01 20:57:24,0
2864,2026-04-01 20:57:44,0
2865,2026-04-01 20:58:03,0
2866,2026-04-01 20:58:23,0
2867,2026-04-01 20:58:43,0
2868,2026-04-01 20:59:03,0
2869,2026-04-01 20:59:22,0
2870,2026-04-01 20:59:42,0
2871,2026-04-01 21:00:02,0
2872,2026-04-01 21:00:22,0
2873,2026-04-01 21:00:41,0
2874,2026-04-01 21:01:01,0
2875,2026-04-01 21:01:21,0
2876,2026-04-01 21:01:41,0
2877,2026-04-01 21:02:00,0
2878,2026-04-01 21:02:20,0
2879,2026-04-01 21:02:40,0
2880,2026-04-01 21:03:00,0
2881,2026-04-01 21:03:19,0
2882,2026-04-01 21:03:39,0
2883,2026-04-01 21:03:59,0
2884,2026-04-01 21:04:19,0
2885,2026-04-01 21:04:38,0
2886,2026-04-01 21:04:58,0
2887,2026-04-01 21:05:18,0
2888,2026-04-01 21:05:38,0
2889,2026-04-01 21:05:57,0
2890,2026-04-01 21:06:17,0
2891,2026-04-01 21:06:37,0
2892,2026-04-01 21:06:57,0
2893,2026-04-01 21:07:16,0
2894,2026-04-01 21:07:36,0
2895,2026-04-01 21:07:56,0
2896,2026-04-01 21:08:16,0
2897,2026-04-01 21:08:35,0
2898,2026-04-01 21:08:55,0
2899,2026-04-01 21:09:15,0
2900,2026-04-01 21:09:35,0
2901,2026-04-01 21:09:54,0
2902,2026-04-01 21:10:14,0
2903,2026-04-01 21:10:34,0
2904,2026-04-01 21:10:54,0
2905,2026-04-01 21:11:13,0
2906,2026-04-01 21:11:33,0
2907,2026-04-01 21:11:53,0
2908,2026-04-01 21:12:13,0
2909,2026-04-01 21:12:32,0
2910,2026-04-01 21:12:52,0
2911,2026-04-01 21:13:12,0
2912,2026-04-01 21:13:32,0
2913,2026-04-01 21:13:51,0
2914,2026-04-01 21:14:11,0
2915,2026-04-01 21:14:31,0
2916,2026-04-01 21:14:51,0
2917,2026-04-01 21:15:10,0
2918,2026-04-01 21:15:30,0
2919,2026-04-01 21:15:50,0
2920,2026-04-01 21:16:10,0
2921,2026-04-01 21:16:29,0
2922,2026-04-01 21:16:49,0
2923,2026-04-01 21:17:09,0
2924,2026-04-01 21:17:29,0
2925,2026-04-01 21:17:48,0
2926,2026-04-01 21:18:08,0
2927,2026-04-01 21:18:28,0
2928,2026-04-01 21:18:48,0
2929,2026-04-01 21:19:07,0
2930,2026-04-01 21:19:27,0
2931,2026-04-01 21:19:47,0
2932,2026-04-01 21:20:07,0
2933,2026-04-01 21:20:26,0
2934,2026-04-01 21:20:46,0
2935,2026-04-01 21:21:06,0
2936,2026-04-01 21:21:26,0
2937,2026-04-01 21:21:45,0
2938,2026-04-01 21:22:05,0
2939,2026-04-01 21:22:25,0
2940,2026-04-01 21:22:45,0
2941,2026-04-01 21:23:04,0
2942,2026-04-01 21:23:24,0
2943,2026-04-01 21:23:44,0
2944,2026-04-01 21:24:04,0
2945,2026-04-01 21:24:23,0
2946,2026-04-01 21:24:43,0
2947,2026-04-01 21:25:03,0
2948,2026-04-01 21:25:23,0
2949,2026-04-01 21:25:42,0
2950,2026-04-01 21:26:02,0
2951,2026-04-01 21:26:22,0
2952,2026-04-01 21:26:42,0
2953,2026-04-01 21:27:01,0
2954,2026-04-01 21:27:21,0
2955,2026-04-01 21:27:41,0
2956,2026-04-01 21:28:01,0
2957,2026-04-01 21:28:20,0
2958,2026-04-01 21:28:40,0
2959,2026-04-01 21:29:00,0
2960,2026-04-01 21:29:20,0
2961,2026-04-01 21:29:39,0
2962,2026-04-01 21:29:59,0
2963,2026-04-01 21:30:19,0
2964,2026-04-01 21:30:39,0
2965,2026-04-01 21:30:58,0
2966,2026-04-01 21:31:18,0
2967,2026-04-01 21:31:38,0
2968,2026-04-01 21:31:58,0
2969,2026-04-01 21:32:17,0
2970,2026-04-01 21:32:37,0
2971,2026-04-01 21:32:57,0
2972,2026-04-01 21:33:17,0
2973,2026-04-01 21:33:36,0
2974,2026-04-01 21:33:56,0
2975,2026-04-01 21:34:16,0
2976,2026-04-01 21:34:36,0
2977,2026-04-01 21:34:55,0
2978,2026-04-01 21:35:15,0
2979,2026-04-01 21:35:35,0
2980,2026-04-01 21:35:55,0
2981,2026-04-01 21:36:14,0
2982,2026-04-01 21:36:34,0
2983,2026-04-01 21:36:54,0
2984,2026-04-01 21:37:14,0
2985,2026-04-01 21:37:33,0
2986,2026-04-01 21:37:53,0
2987,2026-04-01 21:38:13,0
2988,2026-04-01 21:38:33,0
2989,2026-04-01 21:38:52,0
2990,2026-04-01 21:39:12,0
2991,2026-04-01 21:39:32,0
2992,2026-04-01 21:39:52,0
2993,2026-04-01 21:40:11,0
2994,2026-04-01 21:40:31,0
2995,2026-04-01 21:40:51,0
2996,2026-04-01 21:41:11,0
2997,2026-04-01 21:41:30,0
2998,2026-04-01 21:41:50,0
2999,2026-04-01 21:42:10,0
3000,2026-04-01 21:42:30,0
3001,2026-04-01 21:42:49,0
3002,2026-04-01 21:43:09,0
3003,2026-04-01 21:43:29,0
3004,2026-04-01 21:43:49,0
3005,2026-04-01 21:44:08,0
3006,2026-04-01 21:44:28,0
3007,2026-04-01 21:44:48,0
3008,2026-04-01 21:45:08,0
3009,2026-04-01 21:45:27,0
3010,2026-04-01 21:45:47,0
3011,2026-04-01 21:46:07,0
3012,2026-04-01 21:46:27,0
3013,2026-04-01 21:46:46,0
3014,2026-04-01 21:47:06,0
3015,2026-04-01 21:47:26,0
3016,2026-04-01 21:47:46,0
3017,2026-04-01 21:48:05,0
3018,2026-04-01 21:48:25,0
3019,2026-04-01 21:48:45,0
3020,2026-04-01 21:49:05,0
3021,2026-04-01 21:49:24,0
3022,2026-04-01 21:49:44,0
3023,2026-04-01 21:50:04,0
3024,2026-04-01 21:50:24,0
3025,2026-04-01 21:50:43,0
3026,2026-04-01 21:51:03,0
3027,2026-04-01 21:51:23,0
3028,2026-04-01 21:51:43,0
3029,2026-04-01 21:52:02,0
3030,2026-04-01 21:52:22,0
3031,2026-04-01 21:52:42,0
3032,2026-04-01 21:53:02,0
3033,2026-04-01 21:53:21,0
3034,2026-04-01 21:53:41,0
3035,2026-04-01 21:54:01,0
3036,2026-04-01 21:54:21,0
3037,2026-04-01 21:54:40,0
3038,2026-04-01 21:55:00,0
3039,2026-04-01 21:55:20,0
3040,2026-04-01 21:55:40,0
3041,2026-04-01 21:55:59,0
3042,2026-04-01 21:56:19,0
3043,2026-04-01 21:56:39,0
3044,2026-04-01 21:56:59,0
3045,2026-04-01 21:57:18,0
3046,2026-04-01 21:57:38,0
3047,2026-04-01 21:57:58,0
3048,2026-04-01 21:58:18,0
3049,2026-04-01 21:58:37,0
3050,2026-04-01 21:58:57,0
3051,2026-04-01 21:59:17,0
3052,2026-04-01 21:59:37,0
3053,2026-04-01 21:59:56,0
3054,2026-04-01 22:00:16,0
3055,2026-04-01 22:00:36,0
3056,2026-04-01 22:00:56,0
3057,2026-04-01 22:01:15,0
3058,2026-04-01 22:01:35,0
3059,2026-04-01 22:01:55,0
3060,2026-04-01 22:02:15,0
3061,2026-04-01 22:02:34,0
3062,2026-04-01 22:02:54,0
3063,2026-04-01 22:03:14,0
3064,2026-04-01 22:03:34,0
3065,2026-04-01 22:03:53,0
3066,2026-04-01 22:04:13,0
3067,2026-04-01 22:04:33,0
3068,2026-04-01 22:04:53,0
3069,2026-04-01 22:05:12,0
3070,2026-04-01 22:05:32,0
3071,2026-04-01 22:05:52,0
3072,2026-04-01 22:06:12,0
3073,2026-04-01 22:06:31,0
3074,2026-04-01 22:06:51,0
3075,2026-04-01 22:07:11,0
3076,2026-04-01 22:07:31,0
3077,2026-04-01 22:07:50,0
3078,2026-04-01 22:08:10,0
3079,2026-04-01 22:08:30,0
3080,2026-04-01 22:08:50,0
3081,2026-04-01 22:09:09,0
3082,2026-04-01 22:09:29,0
3083,2026-04-01 22:09:49,0
3084,2026-04-01 22:10:09,0
3085,2026-04-01 22:10:28,0
3086,2026-04-01 22:10:48,0
3087,2026-04-01 22:11:08,0
3088,2026-04-01 22:11:28,0
3089,2026-04-01 22:11:47,0
3090,2026-04-01 22:12:07,0
3091,2026-04-01 22:12:27,0
3092,2026-04-01 22:12:47,0
3093,2026-04-01 22:13:06,0
3094,2026-04-01 22:13:26,0
3095,2026-04-01 22:13:46,0
3096,2026-04-01 22:14:06,0
3097,2026-04-01 22:14:25,0
3098,2026-04-01 22:14:45,0
3099,2026-04-01 22:15:05,0
3100,2026-04-01 22:15:25,0
3101,2026-04-01 22:15:44,0
3102,2026-04-01 22:16:04,0
3103,2026-04-01 22:16:24,0
3104,2026-04-01 22:16:44,0
3105,2026-04-01 22:17:03,0
3106,2026-04-01 22:17:23,0
3107,2026-04-01 22:17:43,0
3108,2026-04-01 22:18:03,0
3109,2026-04-01 22:18:22,0
3110,2026-04-01 22:18:42,0
3111,2026-04-01 22:19:02,0
3112,2026-04-01 22:19:22,0
3113,2026-04-01 22:19:41,0
3114,2026-04-01 22:20:01,0
3115,2026-04-01 22:20:21,0
3116,2026-04-01 22:20:41,0
3117,2026-04-01 22:21:00,0
3118,2026-04-01 22:21:20,0
3119,2026-04-01 22:21:40,0
3120,2026-04-01 22:22:00,0
3121,2026-04-01 22:22:19,0
3122,2026-04-01 22:22:39,0
3123,2026-04-01 22:22:59,0
3124,2026-04-01 22:23:19,0
3125,2026-04-01 22:23:38,0
3126,2026-04-01 22:23:58,0
3127,2026-04-01 22:24:18,0
3128,2026-04-01 22:24:38,0
3129,2026-04-01 22:24:57,0
3130,2026-04-01 22:25:17,0
3131,2026-04-01 22:25:37,0
3132,2026-04-01 22:25:57,0
3133,2026-04-01 22:26:16,0
3134,2026-04-01 22:26:36,0
3135,2026-04-01 22:26:56,0
3136,2026-04-01 22:27:16,0
3137,2026-04-01 22:27:35,0
3138,2026-04-01 22:27:55,0
3139,2026-04-01 22:28:15,0
3140,2026-04-01 22:28:35,0
3141,2026-04-01 22:28:54,0
3142,2026-04-01 22:29:14,0
3143,2026-04-01 22:29:34,0
3144,2026-04-01 22:29:54,0
3145,2026-04-01 22:30:13,0
3146,2026-04-01 22:30:33,0
3147,2026-04-01 22:30:53,0
3148,2026-04-01 22:31:13,0
3149,2026-04-01 22:31:32,0
3150,2026-04-01 22:31:52,0
3151,2026-04-01 22:32:12,0
3152,2026-04-01 22:32:32,0
3153,2026-04-01 22:32:51,0
3154,2026-04-01 22:33:11,0
3155,2026-04-01 22:33:31,0
3156,2026-04-01 22:33:51,0
3157,2026-04-01 22:34:10,0
3158,2026-04-01 22:34:30,0
3159,2026-04-01 22:34:50,0
3160,2026-04-01 22:35:10,0
3161,2026-04-01 22:35:29,0
3162,2026-04-01 22:35:49,0
3163,2026-04-01 22:36:09,0
3164,2026-04-01 22:36:29,0
3165,2026-04-01 22:36:48,0
3166,2026-04-01 22:37:08,0
3167,2026-04-01 22:37:28,0
3168,2026-04-01 22:37:48,0
3169,2026-04-01 22:38:07,0
3170,2026-04-01 22:38:27,0
3171,2026-04-01 22:38:47,0
3172,2026-04-01 22:39:07,0
3173,2026-04-01 22:39:26,0
3174,2026-04-01 22:39:46,0
3175,2026-04-01 22:40:06,0
3176,2026-04-01 22:40:26,0
3177,2026-04-01 22:40:45,0
3178,2026-04-01 22:41:05,0
3179,2026-04-01 22:41:25,0
3180,2026-04-01 22:41:45,0
3181,2026-04-01 22:42:04,0
3182,2026-04-01 22:42:24,0
3183,2026-04-01 22:42:44,0
3184,2026-04-01 22:43:04,0
3185,2026-04-01 22:43:23,0
3186,2026-04-01 22:43:43,0
3187,2026-04-01 22:44:03,0
3188,2026-04-01 22:44:23,0
3189,2026-04-01 22:44:42,0
3190,2026-04-01 22:45:02,0
3191,2026-04-01 22:45:22,0
3192,2026-04-01 22:45:42,0
3193,2026-04-01 22:46:01,0
3194,2026-04-01 22:46:21,0
3195,2026-04-01 22:46:41,0
3196,2026-04-01 22:47:01,0
3197,2026-04-01 22:47:20,0
3198,2026-04-01 22:47:40,0
3199,2026-04-01 22:48:00,0
3200,2026-04-01 22:48:20,0
3201,2026-04-01 22:48:39,0
3202,2026-04-01 22:48:59,0
3203,2026-04-01 22:49:19,0
3204,2026-04-01 22:49:39,0
3205,2026-04-01 22:49:58,0
3206,2026-04-01 22:50:18,0
3207,2026-04-01 22:50:38,0
3208,2026-04-01 22:50:58,0
3209,2026-04-01 22:51:17,0
3210,2026-04-01 22:51:37,0
3211,2026-04-01 22:51:57,0
3212,2026-04-01 22:52:17,0
3213,2026-04-01 22:52:36,0
3214,2026-04-01 22:52:56,0
3215,2026-04-01 22:53:16,0
3216,2026-04-01 22:53:36,0
3217,2026-04-01 22:53:55,0
3218,2026-04-01 22:54:15,0
3219,2026-04-01 22:54:35,0
3220,2026-04-01 22:54:55,0
3221,2026-04-01 22:55:14,0
3222,2026-04-01 22:55:34,0
3223,2026-04-01 22:55:54,0
3224,2026-04-01 22:56:14,0
3225,2026-04-01 22:56:33,0
3226,2026-04-01 22:56:53,0
3227,2026-04-01 22:57:13,0
3228,2026-04-01 22:57:33,0
3229,2026-04-01 22:57:52,0
3230,2026-04-01 22:58:12,0
3231,2026-04-01 22:58:32,0
3232,2026-04-01 22:58:52,0
3233,2026-04-01 22:59:11,0
3234,2026-04-01 22:59:31,0
3235,2026-04-01 22:59:51,0
3236,2026-04-01 23:00:11,0
3237,2026-04-01 23:00:30,0
3238,2026-04-01 23:00:50,0
3239,2026-04-01 23:01:10,0
3240,2026-04-01 23:01:30,0
3241,2026-04-01 23:01:49,0
3242,2026-04-01 23:02:09,0
3243,2026-04-01 23:02:29,0
3244,2026-04-01 23:02:49,0
3245,2026-04-01 23:03:08,0
3246,2026-04-01 23:03:28,0
3247,2026-04-01 23:03:48,0
3248,2026-04-01 23:04:08,0
3249,2026-04-01 23:04:27,0
3250,2026-04-01 23:04:47,0
3251,2026-04-01 23:05:07,0
3252,2026-04-01 23:05:27,0
3253,2026-04-01 23:05:46,0
3254,2026-04-01 23:06:06,0
3255,2026-04-01 23:06:26,0
3256,2026-04-01 23:06:46,0
3257,2026-04-01 23:07:05,0
3258,2026-04-01 23:07:25,0
3259,2026-04-01 23:07:45,0
3260,2026-04-01 23:08:05,0
3261,2026-04-01 23:08:24,0
3262,2026-04-01 23:08:44,0
3263,2026-04-01 23:09:04,0
3264,2026-04-01 23:09:24,0
3265,2026-04-01 23:09:43,0
3266,2026-04-01 23:10:03,0
3267,2026-04-01 23:10:23,0
3268,2026-04-01 23:10:43,0
3269,2026-04-01 23:11:02,0
3270,2026-04-01 23:11:22,0
3271,2026-04-01 23:11:42,0
3272,2026-04-01 23:12:02,0
3273,2026-04-01 23:12:21,0
3274,2026-04-01 23:12:41,0
3275,2026-04-01 23:13:01,0
3276,2026-04-01 23:13:21,0
3277,2026-04-01 23:13:40,0
3278,2026-04-01 23:14:00,0
3279,2026-04-01 23:14:20,0
3280,2026-04-01 23:14:40,0
3281,2026-04-01 23:14:59,0
3282,2026-04-01 23:15:19,0
3283,2026-04-01 23:15:39,0
3284,2026-04-01 23:15:59,0
3285,2026-04-01 23:16:18,0
3286,2026-04-01 23:16:38,0
3287,2026-04-01 23:16:58,0
3288,2026-04-01 23:17:18,0
3289,2026-04-01 23:17:37,0
3290,2026-04-01 23:17:57,0
3291,2026-04-01 23:18:17,0
3292,2026-04-01 23:18:37,0
3293,2026-04-01 23:18:56,0
3294,2026-04-01 23:19:16,0
3295,2026-04-01 23:19:36,0
3296,2026-04-01 23:19:56,0
3297,2026-04-01 23:20:15,0
3298,2026-04-01 23:20:35,0
3299,2026-04-01 23:20:55,0
3300,2026-04-01 23:21:15,0
3301,2026-04-01 23:21:34,0
3302,2026-04-01 23:21:54,0
3303,2026-04-01 23:22:14,0
3304,2026-04-01 23:22:34,0
3305,2026-04-01 23:22:53,0
3306,2026-04-01 23:23:13,0
3307,2026-04-01 23:23:33,0
3308,2026-04-01 23:23:53,0
3309,2026-04-01 23:24:12,0
3310,2026-04-01 23:24:32,0
3311,2026-04-01 23:24:52,0
3312,2026-04-01 23:25:12,0
3313,2026-04-01 23:25:31,0
3314,2026-04-01 23:25:51,0
3315,2026-04-01 23:26:11,0
3316,2026-04-01 23:26:31,0
3317,2026-04-01 23:26:50,0
3318,2026-04-01 23:27:10,0
3319,2026-04-01 23:27:30,0
3320,2026-04-01 23:27:50,0
3321,2026-04-01 23:28:09,0
3322,2026-04-01 23:28:29,0
3323,2026-04-01 23:28:49,0
3324,2026-04-01 23:29:09,0
3325,2026-04-01 23:29:28,0
3326,2026-04-01 23:29:48,0
3327,2026-04-01 23:30:08,0
3328,2026-04-01 23:30:28,0
3329,2026-04-01 23:30:47,0
3330,2026-04-01 23:31:07,0
3331,2026-04-01 23:31:27,0
3332,2026-04-01 23:31:47,0
3333,2026-04-01 23:32:06,0
3334,2026-04-01 23:32:26,0
3335,2026-04-01 23:32:46,0
3336,2026-04-01 23:33:06,0
3337,2026-04-01 23:33:25,0
3338,2026-04-01 23:33:45,0
3339,2026-04-01 23:34:05,0
3340,2026-04-01 23:34:25,0
3341,2026-04-01 23:34:44,0
3342,2026-04-01 23:35:04,0
3343,2026-04-01 23:35:24,0
3344,2026-04-01 23:35:44,0
3345,2026-04-01 23:36:03,0
3346,2026-04-01 23:36:23,0
3347,2026-04-01 23:36:43,0
3348,2026-04-01 23:37:03,0
3349,2026-04-01 23:37:22,0
3350,2026-04-01 23:37:42,0
3351,2026-04-01 23:38:02,0
3352,2026-04-01 23:38:22,0
3353,2026-04-01 23:38:41,0
3354,2026-04-01 23:39:01,0
3355,2026-04-01 23:39:21,0
3356,2026-04-01 23:39:41,0
3357,2026-04-01 23:40:00,0
3358,2026-04-01 23:40:20,0
3359,2026-04-01 23:40:40,0
3360,2026-04-01 23:41:00,0
3361,2026-04-01 23:41:19,0
3362,2026-04-01 23:41:39,0
3363,2026-04-01 23:41:59,0
3364,2026-04-01 23:42:19,0
3365,2026-04-01 23:42:38,0
3366,2026-04-01 23:42:58,0
3367,2026-04-01 23:43:18,0
3368,2026-04-01 23:43:38,0
3369,2026-04-01 23:43:57,0
3370,2026-04-01 23:44:17,0
3371,2026-04-01 23:44:37,0
3372,2026-04-01 23:44:57,0
3373,2026-04-01 23:45:16,0
3374,2026-04-01 23:45:36,0
3375,2026-04-01 23:45:56,0
3376,2026-04-01 23:46:16,0
3377,2026-04-01 23:46:35,0
3378,2026-04-01 23:46:55,0
3379,2026-04-01 23:47:15,0
3380,2026-04-01 23:47:35,0
3381,2026-04-01 23:47:54,0
3382,2026-04-01 23:48:14,0
3383,2026-04-01 23:48:34,0
3384,2026-04-01 23:48:54,0
3385,2026-04-01 23:49:13,0
3386,2026-04-01 23:49:33,0
3387,2026-04-01 23:49:53,0
3388,2026-04-01 23:50:13,0
3389,2026-04-01 23:50:32,0
3390,2026-04-01 23:50:52,0
3391,2026-04-01 23:51:12,0
3392,2026-04-01 23:51:32,0
3393,2026-04-01 23:51:51,0
3394,2026-04-01 23:52:11,0
3395,2026-04-01 23:52:31,0
3396,2026-04-01 23:52:51,0
3397,2026-04-01 23:53:10,0
3398,2026-04-01 23:53:30,0
3399,2026-04-01 23:53:50,0
3400,2026-04-01 23:54:10,0
3401,2026-04-01 23:54:29,0
3402,2026-04-01 23:54:49,0
3403,2026-04-01 23:55:09,0
3404,2026-04-01 23:55:29,0
3405,2026-04-01 23:55:48,0
3406,2026-04-01 23:56:08,0
3407,2026-04-01 23:56:28,0
3408,2026-04-01 23:56:48,0
3409,2026-04-01 23:57:07,0
3410,2026-04-01 23:57:27,0
3411,2026-04-01 23:57:47,0
3412,2026-04-01 23:58:07,0
3413,2026-04-01 23:58:26,0
3414,2026-04-01 23:58:46,0
3415,2026-04-01 23:59:06,0
3416,2026-04-01 23:59:26,0
3417,2026-04-01 23:59:45,0
3418,2026-04-02 00:00:05,0
3419,2026-04-02 00:00:25,0
3420,2026-04-02 00:00:45,0
3421,2026-04-02 00:01:04,0
3422,2026-04-02 00:01:24,0
3423,2026-04-02 00:01:44,0
3424,2026-04-02 00:02:04,0
3425,2026-04-02 00:02:23,0
3426,2026-04-02 00:02:43,0
3427,2026-04-02 00:03:03,0
3428,2026-04-02 00:03:23,0
3429,2026-04-02 00:03:42,0
3430,2026-04-02 00:04:02,0
3431,2026-04-02 00:04:22,0
3432,2026-04-02 00:04:42,0
3433,2026-04-02 00:05:01,0
3434,2026-04-02 00:05:21,0
3435,2026-04-02 00:05:41,0
3436,2026-04-02 00:06:01,0
3437,2026-04-02 00:06:20,0
3438,2026-04-02 00:06:40,0
3439,2026-04-02 00:07:00,0
3440,2026-04-02 00:07:20,0
3441,2026-04-02 00:07:39,0
3442,2026-04-02 00:07:59,0
3443,2026-04-02 00:08:19,0
3444,2026-04-02 00:08:39,0
3445,2026-04-02 00:08:58,0
3446,2026-04-02 00:09:18,0
3447,2026-04-02 00:09:38,0
3448,2026-04-02 00:09:58,0
3449,2026-04-02 00:10:17,0
3450,2026-04-02 00:10:37,0
3451,2026-04-02 00:10:57,0
3452,2026-04-02 00:11:17,0
3453,2026-04-02 00:11:36,0
3454,2026-04-02 00:11:56,0
3455,2026-04-02 00:12:16,0
3456,2026-04-02 00:12:36,0
3457,2026-04-02 00:12:55,0
3458,2026-04-02 00:13:15,0
3459,2026-04-02 00:13:35,0
3460,2026-04-02 00:13:55,0
3461,2026-04-02 00:14:14,0
3462,2026-04-02 00:14:34,0
3463,2026-04-02 00:14:54,0
3464,2026-04-02 00:15:14,0
3465,2026-04-02 00:15:33,0
3466,2026-04-02 00:15:53,0
3467,2026-04-02 00:16:13,0
3468,2026-04-02 00:16:33,0
3469,2026-04-02 00:16:52,0
3470,2026-04-02 00:17:12,0
3471,2026-04-02 00:17:32,0
3472,2026-04-02 00:17:52,0
3473,2026-04-02 00:18:11,0
3474,2026-04-02 00:18:31,0
3475,2026-04-02 00:18:51,0
3476,2026-04-02 00:19:11,0
3477,2026-04-02 00:19:30,0
3478,2026-04-02 00:19:50,0
3479,2026-04-02 00:20:10,0
3480,2026-04-02 00:20:30,0
3481,2026-04-02 00:20:49,0
3482,2026-04-02 00:21:09,0
3483,2026-04-02 00:21:29,0
3484,2026-04-02 00:21:49,0
3485,2026-04-02 00:22:08,0
3486,2026-04-02 00:22:28,0
3487,2026-04-02 00:22:48,0
3488,2026-04-02 00:23:08,0
3489,2026-04-02 00:23:27,0
3490,2026-04-02 00:23:47,0
3491,2026-04-02 00:24:07,0
3492,2026-04-02 00:24:27,0
3493,2026-04-02 00:24:46,0
3494,2026-04-02 00:25:06,0
3495,2026-04-02 00:25:26,0
3496,2026-04-02 00:25:46,0
3497,2026-04-02 00:26:05,0
3498,2026-04-02 00:26:25,0
3499,2026-04-02 00:26:45,0
3500,2026-04-02 00:27:05,0
3501,2026-04-02 00:27:24,0
3502,2026-04-02 00:27:44,0
3503,2026-04-02 00:28:04,0
3504,2026-04-02 00:28:24,0
3505,2026-04-02 00:28:43,0
3506,2026-04-02 00:29:03,0
3507,2026-04-02 00:29:23,0
3508,2026-04-02 00:29:43,0
3509,2026-04-02 00:30:02,0
3510,2026-04-02 00:30:22,0
3511,2026-04-02 00:30:42,0
3512,2026-04-02 00:31:02,0
3513,2026-04-02 00:31:21,0
3514,2026-04-02 00:31:41,0
3515,2026-04-02 00:32:01,0
3516,2026-04-02 00:32:21,0
3517,2026-04-02 00:32:40,0
3518,2026-04-02 00:33:00,0
3519,2026-04-02 00:33:20,0
3520,2026-04-02 00:33:40,0
3521,2026-04-02 00:33:59,0
3522,2026-04-02 00:34:19,0
3523,2026-04-02 00:34:39,0
3524,2026-04-02 00:34:59,0
3525,2026-04-02 00:35:18,0
3526,2026-04-02 00:35:38,0
3527,2026-04-02 00:35:58,0
3528,2026-04-02 00:36:18,0
3529,2026-04-02 00:36:37,0
3530,2026-04-02 00:36:57,0
3531,2026-04-02 00:37:17,0
3532,2026-04-02 00:37:37,0
3533,2026-04-02 00:37:56,0
3534,2026-04-02 00:38:16,0
3535,2026-04-02 00:38:36,0
3536,2026-04-02 00:38:56,0
3537,2026-04-02 00:39:15,0
3538,2026-04-02 00:39:35,0
3539,2026-04-02 00:39:55,0
3540,2026-04-02 00:40:15,0
3541,2026-04-02 00:40:34,0
3542,2026-04-02 00:40:54,0
3543,2026-04-02 00:41:14,0
3544,2026-04-02 00:41:34,0
3545,2026-04-02 00:41:53,0
3546,2026-04-02 00:42:13,0
3547,2026-04-02 00:42:33,0
3548,2026-04-02 00:42:53,0
3549,2026-04-02 00:43:12,0
3550,2026-04-02 00:43:32,0
3551,2026-04-02 00:43:52,0
3552,2026-04-02 00:44:12,0
3553,2026-04-02 00:44:31,0
3554,2026-04-02 00:44:51,0
3555,2026-04-02 00:45:11,0
3556,2026-04-02 00:45:31,0
3557,2026-04-02 00:45:50,0
3558,2026-04-02 00:46:10,0
3559,2026-04-02 00:46:30,0
3560,2026-04-02 00:46:50,0
3561,2026-04-02 00:47:09,0
3562,2026-04-02 00:47:29,0
3563,2026-04-02 00:47:49,0
3564,2026-04-02 00:48:09,0
3565,2026-04-02 00:48:28,0
3566,2026-04-02 00:48:48,0
3567,2026-04-02 00:49:08,0
3568,2026-04-02 00:49:28,0
3569,2026-04-02 00:49:47,0
3570,2026-04-02 00:50:07,0
3571,2026-04-02 00:50:27,0
3572,2026-04-02 00:50:47,0
3573,2026-04-02 00:51:06,0
3574,2026-04-02 00:51:26,0
3575,2026-04-02 00:51:46,0
3576,2026-04-02 00:52:06,0
3577,2026-04-02 00:52:25,0
3578,2026-04-02 00:52:45,0
3579,2026-04-02 00:53:05,0
3580,2026-04-02 00:53:25,0
3581,2026-04-02 00:53:44,0
3582,2026-04-02 00:54:04,0
3583,2026-04-02 00:54:24,0
3584,2026-04-02 00:54:44,0
3585,2026-04-02 00:55:03,0
3586,2026-04-02 00:55:23,0
3587,2026-04-02 00:55:43,0
3588,2026-04-02 00:56:03,0
3589,2026-04-02 00:56:22,0
3590,2026-04-02 00:56:42,0
3591,2026-04-02 00:57:02,0
3592,2026-04-02 00:57:22,0
3593,2026-04-02 00:57:41,0
3594,2026-04-02 00:58:01,0
3595,2026-04-02 00:58:21,0
3596,2026-04-02 00:58:41,0
3597,2026-04-02 00:59:00,0
3598,2026-04-02 00:59:20,0
3599,2026-04-02 00:59:40,0
